nama_rumah,harga,lb,lt,kt,km,grs,tingkat_harga
"Rumah Murah Hook Tebet Timur, Tebet, Jakarta Selatan",3800,220,220,3,3,0,Menengah
"Rumah Modern di Tebet dekat Stasiun, Tebet, Jakarta Selatan",4600,180,137,4,3,2,Menengah
"Rumah Mewah 2 Lantai Hanya 3 Menit Ke Tebet, Tebet, Jakarta Selatan",3000,267,250,4,4,4,Murah
"Rumah Baru Tebet, Tebet, Jakarta Selatan",430,40,25,2,2,0,Murah
"Rumah Bagus Tebet komp Gudang Peluru lt 350m, Tebet, Jakarta Selatan",9000,400,355,6,5,3,Mahal
"Rumah Mewah Modern Murah 3 lantai di Tebet Jakarta Selatan, Tebet, Jakarta Selatan",4970,300,154,5,3,3,Menengah
"Rumah lama di Tebet, dekat MT Haryono dan tol dalam kota, jalan 1 mobil hanya 30M dr jln besar, Tebet, Jakarta Selatan",2600,120,150,3,2,1,Murah
"RUMAH BAGUS KEREN JALAN LEBAR DI AREA & KAWASAN TERBAIK TEBET, Tebet, Jakarta Selatan",10500,350,247,4,4,0,Mahal
"Minimalis Baru Jalan 1 Mobil Akses Mudah Dekat ke Jalan Lebar, Tebet, Jakarta Selatan",3250,125,90,3,3,0,Murah
"Minimalis Baru Jalan 2 Mobil Tebet Timur, Tebet, Jakarta Selatan",4500,250,96,5,4,1,Menengah
"Brand New house di Tebet Barat, Tebet, Jakarta Selatan",3600,154,110,3,3,3,Menengah
"Rumah Mewah di TEBET, Tebet, Jakarta Selatan",9500,450,240,4,4,1,Mahal
"Rumah bagus di tebet, jakarta selatan, Tebet, Jakarta Selatan",10500,218,118,3,3,2,Mahal
"#BAWAHNJOP#MURAH#CASHONLY#LELANG# RUMAH ASEM BARIS RAYAI COCOK UNTUK USAHA DEKAT SAAS, Tebet, Jakarta Selatan",12500,200,979,4,2,6,Mahal
"Rukan Baru Siap Pakai di Tebet Jakarta Selatan, Tebet, Jakarta Selatan",4600,180,137,5,4,2,Menengah
"Rumah bebas banjir di kebon baru tebet, Tebet, Jakarta Selatan",3000,126,144,4,2,2,Murah
"Rumah jalan 2 mobil, Tebet, Jakarta Selatan",6000,400,150,5,4,1,Mahal
"Rumah standard hitung tanah di tebet dalam jakarta selatan, Tebet, Jakarta Selatan",7500,150,253,5,2,2,Mahal
"RUMAH MEWAH CANTIK DI MENTENG DALAM TEBET JAKARTA SELATAN, Tebet, Jakarta Selatan",18000,200,251,5,3,3,Mahal
"BRAND NEW 3 LANTAI DENGAN FASILITAS KOLAM RENANG DI TEBET - JAKSEL, Tebet, Jakarta Selatan",9700,450,248,5,5,4,Mahal
"Rumah mewah 2 Lantai Murah full furnished bebas banjir di lokasi strategis rasamala tebet jakarta selatan, Tebet, Jakarta Selatan",14000,300,700,8,5,2,Mahal
"Rumah di Tebet timur, Tebet, Jakarta Selatan",8000,315,218,7,3,2,Mahal
"Rumah di Tebet, kebon baru, Tebet, Jakarta Selatan",700,75,75,2,3,0,Murah
"Rumah di Tebet , kebon baru , jakarta selatan, Tebet, Jakarta Selatan",5500,350,230,5,5,3,Mahal
"Rumah 1.5 Lt Di Asem Baris Tebet Jakarta Selatan, Tebet, Jakarta Selatan",11000,650,695,9,6,2,Mahal
"Rumah siap huni, Tebet, Jakarta Selatan",4000,250,199,8,2,2,Menengah
"Rumah Baru, Bagus, di tebet Barat, Jajarta Selatan, Tebet, Jakarta Selatan",3900,210,130,3,4,2,Menengah
"Rumah Minimalis Plus Mini Swimming Pool , Tebet, Tebet, Jakarta Selatan",6500,300,200,5,5,4,Mahal
"Rumah Bagus Siap Huni, Tebet, Jakarta Selatan",5800,175,200,6,4,2,Mahal
"Rumah Brand New Minimalis Elegan 2 Lantai Lokasi Strategis 5 Menit Ke Stasiun di Tebet, Tebet, Jakarta Selatan",3200,140,110,3,3,2,Murah
"Rumah Daerah Tebet, Tebet, Jakarta Selatan",8800,400,230,5,5,2,Mahal
"Rumah Mewah Furnished Tebet Barat Swimming Poll Akses Patra Kuningan, Tebet, Jakarta Selatan",42000,900,600,7,7,1,Mahal
"Rumah pinggir jalan daerah tebet masuk mobil, Tebet, Jakarta Selatan",1100,102,102,2,1,0,Murah
"Rumah mewah hook siap huni dan terawat di gudang peluru tebet, Tebet, Jakarta Selatan",10900,646,428,5,5,2,Mahal
"Rumah tebet, Tebet, Jakarta Selatan",3600,145,200,8,8,1,Menengah
"Rumah baru Minimalis, Tebet, Jakarta Selatan",4000,220,120,4,4,3,Menengah
"Rumah mewah murah dalam komplek di tebet, Tebet, Jakarta Selatan",6000,325,222,6,5,0,Mahal
"Rumah Minimalis 3 Lantai lokasi strategis bebas banjir ada mini kolam renang di tebet jakarta selatan, Tebet, Jakarta Selatan",6500,300,200,5,5,1,Mahal
"Rumah Siap Huni Hadap Timur di Tebet, Tebet, Jakarta Selatan",4500,250,154,6,3,1,Menengah
"Rumah Minimalis di Tebet Jakarta Selatan, Tebet, Jakarta Selatan",4500,247,105,5,5,1,Menengah
"rumah 2 lantai , jalan depan 1 mobil , SHM , Tebet timur , Jakarta Selatan, Tebet, Jakarta Selatan",4000,200,140,4,4,2,Menengah
"FATHUR TEBET RUMAH BAGUS lt 90m2 LOKASI BAGUS. HUB FATHUR:0818398080, Tebet, Jakarta Selatan",2600,150,90,3,2,2,Murah
"Rumah tua layak huni, HITUNG TANAH di Tebet Barat, Jakarta Selatan, Tebet, Jakarta Selatan",5500,210,239,8,5,1,Mahal
"Di Juaal Cepat Rumah Mewah Di Menteng Dalam Fully Furnished dan Bangun Kualitas Terbaik hrg 15 M, Tebet, Jakarta Selatan",15000,339,643,7,5,5,Mahal
"Rumah 2 Lt bagus dan TERMURAH Akses Jalan 2 Mobil di Tebet Utara, Tebet, jakarta Selatan, Tebet, Jakarta Selatan",3500,190,100,5,4,2,Menengah
"Rumah tebet jakarta selatan, Tebet, Jakarta Selatan",6000,450,240,9,9,0,Mahal
"RUMAH MURAH DI JAKARTA SELATAN, Tebet, Jakarta Selatan",8000,300,232,6,5,0,Mahal
"Rumah Layak Huni, Tebet, Jakarta Selatan",9500,352,305,4,3,0,Mahal
"Rumah Modern Minimalis 3 Lantai Full Furnished di Tebet Jakarta Selatan, Tebet, Jakarta Selatan",4300,135,146,6,6,1,Menengah
"TEBET RUMAH MURAH 135m HUB FATHUR: 0818398080-PR 22726, Tebet, Jakarta Selatan",3800,200,135,3,4,0,Menengah
"Rumah baru & mewah di Tebet Jaksel, Tebet, Jakarta Selatan",41000,850,600,7,7,0,Mahal
"Rumah Tebet Dalam Jakarta Selatan, Tebet, Jakarta Selatan",4000,190,175,4,2,1,Menengah
"rumah lama layak huni strategis dekat jalan tebet raya, Tebet, Jakarta Selatan",2500,120,90,4,1,1,Murah
"Rumah Huk, Tebet ,SHM+IMB ,menteng dalem , jakarta Selatan, Tebet, Jakarta Selatan",4750,180,196,5,5,1,Menengah
"Rumah di tebet, Jakarta Selatan, dekat tol, Tebet, Jakarta Selatan",23000,750,610,8,6,4,Mahal
"Rumah Cantik 3 Lt @Brand New Akses Jalan 2 Mobil TERMURAH di Tebet Timur, Tebet, Jakarta Selatan",4400,250,96,6,5,2,Menengah
"Rumah cantik, minimalis , strategis & murah di Tebet, Tebet, Jakarta Selatan",4500,220,140,5,4,2,Menengah
"hunian asri diselatan jakarta, Tebet, Jakarta Selatan",5000,250,180,5,3,2,Menengah
"Rumah Mewah Cantik Asri Siap Huni Di Gudang Peluru Tebet Jakarta Selatan, Tebet, Jakarta Selatan",13000,200,393,5,3,1,Mahal
"Rumah ditebet barat1, Tebet, Jakarta Selatan",4150,216,135,5,4,1,Menengah
"Rumah Tebet Barat Dalam XB, Tebet, Jakarta Selatan",3800,260,130,6,3,2,Menengah
"Rumah Tercantik dilokasi strategis, Tebet, Jakarta Selatan",18000,300,410,5,3,0,Mahal
"Rumah Bagus dan Minimalis Tebet, Tebet, Jakarta Selatan",8100,245,240,3,3,2,Mahal
"Rumah terawat siap huni bagus jalanan dua mobil di Tebet, Tebet, Jakarta Selatan",5250,147,108,4,3,2,Mahal
"Rumah Asri Dan Sangat Strateaigis Di Tebet, Tebet, Jakarta Selatan",4500,120,145,6,4,2,Menengah
"Rumah Lokasi Strategis Dekat Jalan Raya di Tebet, Tebet, Jakarta Selatan",6200,170,200,8,5,2,Mahal
"rumah tebet, bonus apartemen dan mobil, Tebet, Jakarta Selatan",6500,250,200,6,3,2,Mahal
"Rumah Baru Murah di Tebet Timur Jakarta Selatan, Tebet, Jakarta Selatan",3500,170,112,4,5,2,Menengah
"Rumah Terawat Akses One Get One, Tebet, Jakarta Selatan",3199,150,149,3,2,0,Murah
"Rumah Tebet Jalan 2 Mobil Lokasi Strategis, Tebet, Jakarta Selatan",3200,150,130,3,2,1,Murah
"RUMAH BARU MURAH SIAP HUNI DI TEBET TIMUR JAKRTA - YUNIA , 081282940124, Tebet, Jakarta Selatan",3799,200,130,3,3,1,Menengah
"Rumah Bagus, Siap Huni, Tebet, Jakarta Selatan",6000,250,198,7,4,2,Mahal
"Rumah Second Hook Lokasi Premium Di Tebet - YUNIA 081282940124, Tebet, Jakarta Selatan",9790,403,393,5,3,2,Mahal
"rumah tinggal tempati., Tebet, Jakarta Selatan",5500,170,270,6,3,1,Mahal
"Rumah Tebet Murah Lokasi Strategis Ramai Jakarta Selatan, Tebet, Jakarta Selatan",3350,120,135,4,3,1,Menengah
"rumah dua lantai kebon baru TEBET JAKARTA SELATAN, Tebet, Jakarta Selatan",750,78,80,3,2,0,Murah
"RUMAH TEBET 165m2 SIAP HUNI HUB : 081280069222 FIFI PR-15815, Tebet, Jakarta Selatan",3500,250,165,6,4,2,Menengah
"Rumah Baru Minimalis daerah Tebet Timur, Tebet, Jakarta Selatan",4700,180,137,4,3,2,Menengah
"Rumah baru 2 lantai siap huni di tebet dengan harga terjangkau, Tebet, Jakarta Selatan",3500,170,112,3,4,1,Menengah
"RUMAH KOKOH AMAN DAN STRATEGIS DI TEBET, Tebet, Jakarta Selatan",2850,160,90,4,2,1,Murah
"Rumah baru di Tebet Posisi hoek, Tebet, Jakarta Selatan",3500,160,110,3,3,2,Menengah
"rumah cantik di Tebet, Tebet, Jakarta Selatan",3100,120,137,5,2,0,Murah
"Rumah Tebet Mas Indah, Tebet, Jakarta Selatan, Tebet, Jakarta Selatan",13000,196,245,7,3,1,Mahal
"Rumah 2 lantai ber carport 2 SHM di tebet jakarta selatan, Tebet, Jakarta Selatan",4300,170,112,4,5,2,Menengah
"Tebet Rumah Siap Huni Aman Dalam Komplek, Tebet, Jakarta Selatan",5500,180,140,3,4,0,Mahal
"Rumah Mewah 2 Lantai Siap Huni Desain Apik Di Tebet Barat Jakarta Selatan, Tebet, Jakarta Selatan",6750,350,210,4,4,1,Mahal
"Rumah Lokasi Strategis Di Tebet, Tebet, Jakarta Selatan",3200,200,104,4,3,1,Murah
"Dijual Rumah Siap Huni di Komp Gudang Peluru, Tebet, Jakarta Selatan lt 282m2, Lebar Jalan 3 Mobil,Hubungi 0813-1838-1838 / 0878-7838-1838., Tebet, Jakarta Selatan",8250,460,282,6,5,2,Mahal
"Rumah Tebet Dekat Stasiun Tebet, Tebet, Jakarta Selatan",3250,150,130,5,2,1,Murah
"Rumah Tebet, Tebet, Jakarta Selatan",3499,110,150,3,2,0,Menengah
"Rumah Minimalis di Tebet Jakarta Selatan, Tebet, Jakarta Selatan",5000,330,335,8,4,1,Menengah
"Rumah Mewah di Tebet Barat Jakarta Selatan, Tebet, Jakarta Selatan",9500,445,247,6,5,2,Mahal
"Rumah second semi cluster di Tebet Timur Dalam Jaksel, Tebet, Jakarta Selatan",3400,140,104,4,3,1,Menengah
"Rumah Bagus,Cantik Sangat Murah, Tebet, Jakarta Selatan",5000,325,160,9,6,2,Menengah
"Rumah Di Kebon Baru, Tebet, Tebet, Jakarta Selatan",5600,250,225,5,3,2,Mahal
"BEST PRICE Rumah di Tebet, akses jalan 2 mobil, Jakarta Selatan, Tebet, Jakarta Selatan",4500,180,135,4,3,1,Menengah
"Rumah strategis di Kebon baru, Tebet, Jakarta Selatan",10800,500,400,6,5,3,Mahal
"Rumah Termurah di Tebet Utara Jakarta Selatan, Tebet, Jakarta Selatan",2600,210,91,5,4,1,Murah
"Rumah Murah dibawah harga dekat Mal Kota Casablanca Jakarta Selatan, Tebet, Jakarta Selatan",3600,180,127,4,4,1,Menengah
"brand new rumah minimalis di tebet dekat sekolah dan TOl, Tebet, Jakarta Selatan",3450,170,112,3,4,2,Menengah
"Rumah 1,5 Lantai di Tebet Timur Jakarta Selatan, Tebet, Jakarta Selatan",7400,200,257,4,3,1,Mahal
"Rumah Bagus di Menteng Dalam, Tebet, Jakarta Selatan",10000,400,282,8,4,3,Mahal
"Rumah mewah bebas banjir murah di tebet, Tebet, Jakarta Selatan",15000,800,1225,6,9,2,Mahal
"Rumah di tebet utara lt752 pinggir jalan raya, Tebet, Jakarta Selatan",30000,800,752,6,4,0,Mahal
"Rumah minimalis di Tebet, Tebet, Jakarta Selatan",3500,170,108,5,3,3,Menengah
"rumah siap huni 2lantai akses jalan 2mobil di asembaris tebet, Tebet, Jakarta Selatan",1700,100,80,3,2,0,Murah
"Rumah Strategis Dan Minimalis Di Tebet, Tebet, Jakarta Selatan",3500,250,141,5,3,2,Menengah
"rumah siap huni akses jalan 2motor lokasi asembaris, Tebet, Jakarta Selatan",1300,100,90,3,2,0,Murah
"Rumah Tebet Barat 2Lantai siap huni strategis area!, Tebet, Jakarta Selatan",2800,160,90,5,3,1,Murah
"Rumah Cozy Interior Cantik Dekat Ke Jalan Raya di Kebon Baru Tebet, Tebet, Jakarta Selatan",5000,325,160,5,5,0,Menengah
"Butuh Cepat, Rumah Bagus Di Tebet, Tebet, Jakarta Selatan",3200,150,80,5,3,1,Murah
"Rumah Siap Huni di Jl Tebet Raya,Lingkungan Tenang dan Nyaman, Untuk informasi lebih lanjut Hubungi 0813-1838-1838 / 0878-7838-1838, Tebet, Jakarta Selatan",11000,275,305,5,3,1,Mahal
"Rumah bagus Full Furnish, Tebet, Jakarta Selatan",5000,320,150,5,5,1,Menengah
"Rumah Bagus di Tebet Barat, Jakarta - Selatan, Tebet, Jakarta Selatan",2200,70,98,2,1,0,Murah
"Rumah Tua Di Tebet, Tebet, Jakarta Selatan",5600,156,192,5,2,2,Mahal
Dijual Sangat Murah Rumah Di Tebet Timur Lokasi Premium Dan Strategis - Jakarta Selatan,3800,211,180,5,4,3,Menengah
Rumah Lama Tebet Timur,4000,200,146,3,1,1,Menengah
"Edisi Turun Harga Masa Covid19 BU Rumah Mewah di Menteng Dalam, Tebet, Jakarta Selatan. Full Furnish",15000,800,692,5,4,4,Mahal
Rumah Dijual Tebet,3850,200,130,4,4,2,Menengah
Rumah Siap Huni Jln 2 Mbl Nyaman,4200,160,140,4,3,2,Menengah
TEBET BARAT - Rumah Besar Akses 2 Mobil. SHM,5990,350,210,5,4,3,Mahal
Rumah siap huni di tebet timur jakarta selatan,4000,180,152,4,3,2,Menengah
Rumah baru lux furnish di kawasan elit tebet jakarta selatan,42000,850,600,5,5,5,Mahal
Rumah Baru Di Tebet,9500,340,240,4,3,2,Mahal
Rumah siap huni baru di tebet jakarta selatan,4000,190,140,4,4,2,Menengah
"Di Kebun Baru Rumah Terawat, Area Strategis",4000,139,230,4,4,1,Menengah
Di jual Rumah Cantik Bangunan 2 Lantai di Tebet,7000,400,282,8,4,3,Mahal
Rumah Tua di Tebet,4525,100,161,4,2,1,Menengah
Di Jual Cepat Rumah Mewah Konsep Minimalis Modern Di Tebet Jak Sel,25000,485,550,5,6,2,Mahal
Rumah Huni Di Kawasan Utama Tebet,19900,346,450,5,5,2,Mahal
Rumah Lama Jalan Lebar,15000,400,578,6,3,2,Mahal
Tebet Rumah Harga Menarik Jalan Dua Mobil Dekat Kasan Kuliner Tebet,3600,170,146,3,3,1,Menengah
"Dijual Rumah Cantik Murah Siap Huni Di Tebet Timur, Tebet Jakarta Selatan",3950,200,148,4,3,1,Menengah
Dijual Rumah Brand New di Jl Tebet Timur Dalam,3900,200,130,3,2,2,Menengah
"TEBET - Siap Huni di Jalan 1 Mobil, Bagus",3850,236,137,4,3,2,Menengah
Dijual Rumah Lokasi Sangat Strategis,9200,450,695,8,6,2,Mahal
"TEBET Akses 3 Mobil, Rumah Siap Huni",5950,220,200,3,3,2,Mahal
Dijual Cepat rumah di Bukit Duri Tebet SHM,7500,500,280,4,4,1,Mahal
Dijual Rumah Tebet Timur Lokasi Premium Nyaman Dekat Taman Honda Jalan 1 Mobil,3100,200,103,3,3,1,Murah
Dijual Rumah Second Siap Huni Strategis di Tebet Jaksel,7000,400,182,4,3,2,Mahal
Rumah Tua Hitung Tanah di menteng Dalam Tebet,25000,550,840,5,3,6,Mahal
Dijual Rumah di Tebet,11000,280,344,3,3,2,Mahal
Rumah baru siap huni di tebet jakarta selatan,4350,180,132,4,3,2,Menengah
"Rumah Di Asem Baris, Tebet",25000,355,1069,5,4,4,Mahal
Rumah Cantik Menawan Siap Huni Di Tebet Timur Jakarta Selatan,4300,250,155,5,3,2,Menengah
TEBET Rumah Mewah Siap Huni Lingkungan Aman dan Nyaman,8800,400,230,6,6,2,Mahal
"3 Bedrooms House Tebet, Jakarta Selatan, DKI Jakarta",13000,216,384,3,3,2,Mahal
Di Jual Rumah Brand New Di Tebet,4700,250,150,4,3,2,Menengah
TEBET Rumah Baru Siap Huni Jalan Dua Mobil Lebar Dekat Jalan Raya,7200,250,161,3,3,2,Mahal
"Dijual Cepat Rumah Minimalis Modern siap huni Di Kebon Baru, Tebet Jakarta Selatan",3500,192,120,5,4,2,Menengah
TEBET Rumah Mewah dan Terawat Lokasi Premium Akses Mudah Jalan Tiga Mobil,7900,380,225,5,3,2,Mahal
"TEBET MENTENG DALAM - Rumah Cantik, Minimalis, SHM",2800,150,103,3,3,2,Murah
TEBET DALAM - Rumah Brand New Minimalis SHM,2600,130,75,3,3,1,Murah
"Rumah Siap Huni di Tebet Timur 1, Jalan Lebar 3 Mobil",5900,250,202,5,4,2,Mahal
Dijual Rumah Sipa Huni Dengan Harga Murah di Kebon Baru Tebet Jakarta,850,78,69,4,2,0,Murah
jl. Tebet timur dalam,3600,250,180,4,2,0,Menengah
Rumah Tebet Timur Hitung Tanah 338m2,6850,219,338,5,3,3,Mahal
"Rumah Baru, Di Asembaris, Kebon Baru Tebet, Jakarta Selatan",4500,325,226,6,4,1,Menengah
Rumah Layak Huni Di Tebet Jual Cpt Jalan 1 Mobil 30m Dari Jln Besar,2600,120,150,3,2,1,Murah
Rumah Mewah Di Komplek Kebon Baru,5750,350,240,7,5,0,Mahal
Rumah Baru Renovasi Siap Huni Teebet (Best Price),2999,140,140,5,3,1,Murah
Rumah Cantik Brand New 3 lantai siap huni,5000,180,127,5,4,2,Menengah
Rumah hoek di Tebet Barat,4000,200,135,7,4,2,Menengah
Rumah brand new siap huni di Tebet Timur,3500,150,112,4,4,1,Menengah
"The Classic Luxury House With Pool @Brand New near Cassablanca Area, Palbatu, Jakarta Selatan",6100,375,130,5,4,3,Mahal
Rumah Super Mewah Tebet Jakarta Selatan Harga Siap Nego,30000,800,498,5,5,5,Mahal
Rumah Siap Huni di Jl. Tebet Utara,6500,250,181,8,4,2,Mahal
Rumah Minimalis Tebet Dekat Jalan 2 Mobil,3750,150,112,3,5,2,Menengah
"Rumah Minimalis Tebet 2 Lantai Dekat Pusat Bisnis Tebet, Jaksel",6300,200,133,4,3,2,Mahal
Rumah Siap Huni Dalam Komplek Nyaman Tebet-Jakarta Selatan,15000,480,387,4,4,3,Mahal
"Rumah Minimalis Tebet 90 Meter, Dekat Jalan 2 Mobil",2650,125,90,3,4,2,Murah
"Rumah Siap Huni Dengan Luas Tanah 360 Meter Jalan Lebar, Bebas Banjir Tebet-Jakarta Selatan",18500,800,360,5,7,5,Mahal
Rumah Mediterania Jalan Lebar Lokasi Strategis Tebet Jakarta Selatan,14500,500,307,3,4,2,Mahal
"Rumah Cantik Siap Huni Jalan Lebar Di Kawasan Premium Tebet, Jaksel",8750,350,202,4,5,3,Mahal
"Rumah Siap Huni Jalan 2 Mobil, Jarang Ada, Sertifikat Hak Milik",5800,200,138,5,4,2,Mahal
"Rumah Siap Huni Di Tebet Timur, Jalan Lebar, Dengan Kolam Renang Outdoor",15000,250,310,4,5,2,Mahal
"Rumah Hitung Tanah Di Jalan Lebar, Kawasan Nyaman, Paling Murah!!",15000,400,580,5,4,3,Mahal
"Rumah Di Jalan 1 Mobil Kawasan Nyaman Tebet Timur, Jakarta Selatan",2300,100,90,2,2,1,Murah
"Tebet Barat Rumah Bagus Siap Huni, jakarta Selatan",3950,200,166,4,4,3,Menengah
"Tebet Rumah Lama Murah, Jakarta Selatan",2750,120,135,3,2,1,Murah
"Tebet Barat Rumah Murah Strategis Area, Jakarta Selatan",3250,251,146,8,8,2,Murah
Rumah Cantik Siap Huni,2590,170,76,3,3,2,Murah
Regensi Tebet Mas,4500,140,140,5,4,2,Menengah
Rumah bagus SIAP HUNI Akses Jalan 2 Mobil One Way di Tebet Timur,4500,200,148,5,4,2,Menengah
"5 Bedrooms House Tebet, Jakarta Selatan, DKI Jakarta",7150,250,162,5,3,2,Mahal
Rumah Siap Huni Dijual Tebet Timur Tebet Jakarta Selatan,10500,200,189,5,2,0,Mahal
"Rumah Bagus 2 Lt Akses Jalan Lebar di Tebet Utara, Jakarta Selatan",6500,245,125,4,3,3,Mahal
Rumah mewah siap huni di tebet barat jakarta selatan,6750,350,210,4,4,1,Mahal
Rumah Siap Huni Tebet Barat Tebet Jakarta Selatan,9500,280,304,5,5,0,Mahal
Rumah Tebet Barat Dalam LT480 Jakarta Selatan,23000,480,600,10,4,2,Mahal
"Rumah Siap Huni di Tebet Timur 1, Jalan Lebar 3 Mobil",6500,200,222,6,2,2,Mahal
"Rumah di Tebet Utara Jalan 2 Mobil, Lingkungan Nyaman dan Lokasi Strategis Akses Mudah Dijangkau",3600,170,146,4,3,1,Menengah
"Dijual Rumah Mewah 2 Lantai di Tebet Barat, Jalan 3 Mobil, Lingkungan Nyaman dan Aman",8800,400,230,6,6,2,Mahal
"TEBET TIMUR LT 135 M2 - Rumah Termurah, Hitung Tanah Saja",1900,135,135,3,3,2,Murah
Rumah Mewah Brand New Jalan Utama Tebet Timur Dalam,29000,980,672,5,6,4,Mahal
Rumah Termurah di Tebet Barat Jakarta Selatan,2550,150,90,4,4,2,Murah
Rumah Baru di Tebet Barat Jakarta Selatan,3300,120,90,5,4,2,Menengah
TEBET Rumah Siap Huni Desain Rumah Rumah Bagus dan Nyaman,3100,200,90,3,3,1,Murah
TEBET BARAT Rumah Siap Huni Lokasi Premium Jalan Tiga Mobil,5950,220,200,5,4,1,Mahal
TEBET Rumah Siap Huni Lokasi Sangat Bagus Aman dan Nyaman JARANG ADA,6100,250,204,5,3,2,Mahal
TEBET Rumah Baru Siap Huni Lokasi Premium Nyaman Untuk Tempat Tinggal,3200,150,87,4,3,2,Murah
TEBET Rumah Siap Huni Kondisi Relatif Baru,2500,140,78,4,3,1,Murah
Brand New Townhouse Mewah Di Dekat Patra Kuningan,12500,600,208,4,5,4,Mahal
"Rumah Besar,Siap Huni Di Tebet Jakarta Selatan",8000,152,230,3,3,1,Mahal
Rumah Murah Siap Huni di Jl. Palbatu III Tebet,690,90,50,3,1,0,Murah
Rumah 2 Tingkat Menteng Dalam Tebet Jakarta Selatan,15000,500,501,6,3,0,Mahal
Rumah Lama Hitung Tanah Supomo Tebet Jakarta Selatan,9000,200,230,6,3,2,Mahal
Di Jual Di Bawah Harga Pasaran Rumah Siap Huni Di Tebet Timur Jaksel,4000,180,155,4,3,2,Menengah
Dijual rumah di tebet jakarta selatan strategis dekat jl. mt. haryono,3750,200,135,5,3,3,Menengah
Dijual Murah Rumah Mewah di Tebet Utara Jakarta Selatan,22000,1080,619,7,6,4,Mahal
Rumah murah asem baris,2100,160,120,6,3,1,Murah
Rumah tebet,8700,160,261,4,4,2,Mahal
"Rumah dijual, Tebet timur dalam, Jakarta Selatan ",2900,175,135,4,2,0,Murah
Di Jual Rumah Cantik di TEBET,3500,235,140,5,4,1,Menengah
"Rumah pinggir jalan, Asem baris , Tebet , Jakarta Selatan",5500,170,270,6,3,1,Mahal
Dijual rumah baru minimalis di Di Tebet Jakarta Selatan,3500,120,86,5,4,1,Menengah
"Rumah Onprogress 2,5 Lantai Di Asem Baris Tebet Dekat Station Cawang",2500,200,100,3,3,2,Murah
Tebet Rumah Jalan 2 Mobil Harga Menarik,3600,170,146,4,3,2,Menengah
"Dijual Cepat Rumah Di Kebon Baru, Tebet",2400,147,154,3,2,1,Murah
Dijual Cepat Rumah Bagus Di Tebet,38000,500,720,6,6,3,Mahal
Rumah Asri Dijual Cepat Di Tebet,4900,179,158,4,4,2,Menengah
Rumah Asri Di Tebet Dijual Cepat,3250,250,145,8,8,2,Murah
"Rumah Asri Di Tebet, Dijual Cepat",10000,600,306,6,5,3,Mahal
Rumah Dijual Di Tebet,12500,250,189,6,4,2,Mahal
Rumah Dijual Di Tebet,5500,200,150,5,3,1,Mahal
Rumah Asri Di Tebet,6000,150,159,5,4,2,Mahal
Rumah Asri Di Tebet,16000,300,405,6,4,0,Mahal
"Rumah Di Tebet, Dijual Cepat",5000,200,130,5,4,1,Menengah
Rumah Asri Di Tebet Dijual,6000,340,173,5,4,2,Mahal
Rumah Dijual Di Tebet,5600,156,192,6,2,2,Mahal
Rumah Asri Di Tebet - Dijual Cepat,3750,300,180,5,3,2,Menengah
"Rumah Asri Di Kebon Baru, Tebet - Dijual Cepat",5600,250,225,5,3,2,Mahal
Rumah Asri Di Tebet - Dijual Cepat,3200,150,80,5,3,1,Murah
"Dijual Rumah Minimalis Siap Huni Daerah Tebet, Jakarta Selatan",2500,140,77,3,3,1,Murah
"Dijual Rumah Lama Layak Huni Daerah Tebet , Jakarta Selatan",9900,200,340,4,4,1,Mahal
Rumah baru tebet timur,3800,200,130,3,3,2,Menengah
Dijual Rumah Komplek Tebet Barat Lokasi Premium Nyaman Jalan Lebar,9500,300,368,4,3,3,Mahal
Dijual Rumah Komplek Gudang Peluru Lokasi Premium Nyaman Jalan 3 Mobil,10000,350,273,4,3,4,Mahal
Dijual Rumah Cantik Tebet Lokasi Premium Nyaman Jalan 2 Mobil,12500,465,350,6,6,2,Mahal
"Rumah Tua Hook di Tebet, Jakarta Selatan. Akses Mobil dan Ada Garasi",2700,135,150,4,2,3,Murah
"Tebet barat rumah modern minimalis private pool, jakarta selatan",9800,400,248,5,5,3,Mahal
"TEBET BARAT RAYA Rumah Hitung Tanah Cocok Tinggal, Kantor dan Usaha, Bisa Belah 2 Dekat Taman Honda",11500,400,300,9,6,6,Mahal
"Rumah Siap Huni di Tebet Dalam IV, Jln 1 Mobil Dekat ke 3 Mobil, Sudah Sertifikat",2600,120,142,4,2,1,Murah
Dijual Cepat Rumah Kavling di Tebet Ready 3 Unit,3100,120,86,5,4,2,Murah
Rumah Tebet Saharjo,4650,320,135,6,5,1,Menengah
Rumah Cantik Tebet,8750,250,200,4,4,2,Mahal
Dijual Rumah Cantik Tebet Brand New Lokasi Premium Nyaman Jalan Lebar,7200,250,161,3,3,2,Mahal
Dijual Rumah Lama Tebet Dalam Lokasi Strategis Tenang Jalan 2 Mobil,8000,250,300,3,3,2,Mahal
"3 Bedrooms House Tebet, Jakarta Selatan, DKI Jakarta",750,80,78,3,1,0,Murah
KEBON BARU Rumah Hitung Tanah Jalan Dua Mobil Lingkungan Nyaman,5000,250,335,7,5,1,Menengah
TEBET - SIAP HUNI di Jalan 2 Mobil,8500,260,256,5,5,2,Mahal
Rumah Komersial area Tebet Raya,28000,1000,775,5,3,5,Mahal
Rumah Tebet Siap Huni Kompleks Gudang Peluru Tebet,9500,400,345,5,3,1,Mahal
Dijual Rumah Second Akses 1 Mobil di Tebet Dalam Jakarta Selatan,3800,200,140,4,3,1,Menengah
Rumah Minimalis Jalan 1 Mobil Tebet,2650,125,90,3,3,2,Murah
Dijual Rumah Cantik Tebet Lokasi Strategis Nyaman Jalan 2 Mobil,12000,230,244,5,4,3,Mahal
"Rumah Hitung Tanah di Komplek Kejaksaan Tebet Barat, Belakang Gelael, Dekat Pintu Tol MT Haryono",3300,170,154,5,3,2,Menengah
"Rumah di Tebet Timur Dalam I, Jln Besar 3 Mobil, Seberang Electronic City, Lebar Muka 8 Meter",3900,260,146,3,1,1,Menengah
Rumah Tua Akses Jalan 2 Mobil Di Tebet Barat Jakarta Selatan,7800,200,253,4,3,3,Mahal
Rumah Brand New Di Tebet Barat,4700,200,150,4,4,2,Menengah
For Sale Boarding House at Tebet & Furnished HSE-A0494,7500,444,200,10,10,2,Mahal
Rumah Lama Di Tebet Barat,16000,400,400,5,4,4,Mahal
"Jual Segera, Rumah Hitung Tanah Di Tebet Dalam",2600,120,142,3,2,1,Murah
"rumah siap huni dalam kompleks Tebet Mas, Tebet, Jakarta Selatan",13000,250,322,4,3,2,Mahal
"Rumah 100% Baru Di Tebet, Murah, Jalan 2 Mobil, Tebet, Jakarta Selatan",4500,250,96,4,5,2,Menengah
"rumah siap huni di lokasi kebon baru, tebet, jakarta selatan",3850,200,186,3,2,2,Menengah
"Rumah siap huni dijual, murah, tebet, Jakarta Selatan",1900,125,133,3,3,1,Murah
Di Jual Cepat Rumah Di Tebet,15000,500,384,4,3,3,Mahal
Rumah tua hitung tanah di Tebet Timur,8000,168,221,5,3,2,Mahal
Rumah Bagus Dalam Kompleks Prime Tebet,15000,480,378,5,4,1,Mahal
Minimalis Jalan 1 Mobil Tebet Dekat Sekolah 115,2700,125,90,3,3,2,Murah
"Tebet Rumah Mewah, Design Klasik, Siap Huni",18000,800,361,5,4,1,Mahal
Dijual Rumah Di Tebet Jakarta Selatan 5 Kmr 300m2 Luas Harga Best,6500,300,248,5,4,0,Mahal
Minimalis Baru Jalan 2 Mobil Tebet Timur,4500,250,96,5,4,1,Menengah
Rumah Siap Huni Tebet,6500,200,222,4,2,1,Mahal
Rumah Lama Tebet Timur,4000,200,146,3,1,1,Menengah
"Rumah Baru, Mewah & Strategis Di Tebet Barat, JakSel",4000,150,120,4,3,1,Menengah
"Rumah bagus layout nyaman banyak bonus, harga bagus di Tebet",4000,250,135,4,5,1,Menengah
"Rumah cantik dgn layout nyaman, siap huni di Tebet",2700,210,91,5,3,0,Murah
"Dijual Rumah Siap Huni di Tebet, Jakarta Selatan",9000,470,353,9,6,3,Mahal
Tebet Timur Rumah Lama,7500,200,288,4,2,1,Mahal
Rumah Model Villa Taman Lebar Di Tebet Jaksel,5500,200,454,3,4,1,Mahal
Dijual Rumah Secondary Luas di tebent Lokasi Strategis,23000,350,565,5,3,4,Mahal
Dijual Rumah Mnmls Ada Mini Swpool Tebet Jaksel,65000,300,200,5,7,4,Mahal
Rumah Tebet Barat,8250,400,230,6,4,2,Mahal
Rumah Rasamala Turun Harga Rmh Siap Huni Blkg Bidakara Jaksel,8500,300,205,4,4,4,Mahal
"Dijual Rumah 2 Lt Tebet Jaksel, Jl 2 Mobil",10750,200,189,5,4,3,Mahal
"Dijual rumah di Kebun Baru, Tebet Jakarta Selatan",2458,165,135,4,3,1,Murah
"TEBET, LAPANGAN ROS, BUKIT DURI, JAKARTA SELATAN",3500,125,153,3,2,1,Menengah
House mewah tebet,30000,815,312,10,7,1,Mahal
Dijual Rumah Komplek Gudang Peluru Lokasi Premium Nyaman Jalan 2 Mobil,5500,280,216,4,3,3,Mahal
Dijual Rumah 2lantai Di Tebet Barat Dalam Strategis Dekat Perkantoran,10000,300,368,4,4,4,Mahal
"Rumah tebet timur raya, depan taman tebet",25900,600,1039,7,5,10,Mahal
Rumah Siap Huni Tebet Timur,2999,102,102,3,3,2,Murah
Turun Harga Rumah Mewah Tebet Jakarta Selatan,5899,350,130,6,6,3,Mahal
Cluster Cipinang Mal Bassura,3245,120,152,4,4,4,Murah
Rumah Siap Huni Tebet,5750,320,183,6,3,3,Mahal
Tebet Rumah Bagus Dijual,6500,300,213,5,4,4,Mahal
"Dijual rumah di tebet, jalan depan rumah 2 mobil, dekat dari jalan raya",6500,220,181,8,6,1,Mahal
"4 Bedrooms House Tebet, Jakarta Selatan, DKI Jakarta",4800,250,170,4,4,3,Menengah
Rumah Model Minimalis jalan Lebar,16000,500,420,4,4,4,Mahal
Tebet Dalam Rumah Siap Huni Dalam Komplek,13000,380,312,4,3,2,Mahal
Rumah Siap Huni Dijual Jalan 2 Mobil,7000,180,283,4,3,2,Mahal
"4 Bedrooms House Tebet, Jakarta Selatan, DKI Jakarta",2800,250,90,4,3,2,Murah
"3 Bedrooms House Tebet, Jakarta Selatan, DKI Jakarta",1850,80,90,3,2,0,Murah
Dijual Rumah Tebet Timur Raya Depan Taman Honda,20999,613,613,9,4,2,Mahal
Dijual Rumah Tebet Lokasi Strategis Nyaman Depan Taman Jalan 1 Mobil,4300,117,205,4,3,3,Menengah
Dijual Rumah Tebet Timur Lokasi Premium Nyaman Jalan 2 Mobil,4300,200,145,3,3,2,Menengah
Dijual Rumah Hitung Tanah Asem Baris Raya Lokasi Strategis Aman Jalan Raya,5500,300,266,6,4,4,Mahal
Jual Rumah Di Tebet Jakarta Selatan,9000,470,353,9,6,3,Mahal
"Rumah Bagus Akses Jalan 2 Mobil TERMURAH di Tebet Utara, Jaksel",3500,190,100,5,4,2,Menengah
"Rumah Megah SIAP HUNI TERMURAH di Tebet Timur, Jakarta Selatan",12999,400,429,9,5,5,Mahal
Rumah Siap Huni Di Asem Baris Kebon Baru Tebet Jakarta Selatan,2300,160,135,4,3,1,Murah
Tebet rumah dijual jalan 2 mobil lebar lokasi strategis,7100,200,256,5,3,3,Mahal
"Rumah Cantik, Asri Dan Nyaman Tebet Utara",7000,350,180,3,3,0,Mahal
Rumah Bagus Murah Sekali Cocok Utk Tempat Tinggal Dan Kost2an Tebet,1500,200,170,7,2,0,Murah
"Kb. Baru, Tebet, Kota Jakarta Selatan, Daerah Khusus Ibukota Jakarta 12830, Indonesia",1500,100,80,4,2,0,Murah
Rumah Sederhana Siap Huni Lokasi Strategis Tebet Barat Jaksel,3500,150,135,4,2,0,Menengah
Rumah Siap Huni 2lantai Akses 2mbl Lokasi Tebet Barat,4000,150,100,3,3,1,Menengah
Rumah Siap Huni Akses jalan 2 mobil di asem baris tebet,4000,144,126,4,2,3,Menengah
Dijual rumah tua perlu renovasi akses jalan 2mobil lokasi dekat lapangsn bola pspt,3750,150,135,3,2,1,Menengah
Rumah Bagus Siap Huni Di Tebet Timur Dalam Jak Sel,4000,150,140,4,2,2,Menengah
Rumah Mewah 3 Lantai Jalan Swadaya I Tebet ( FA),6000,450,260,7,4,1,Mahal
"Rumah Baru 2 Lt Dekat Taman dan Pasar Tebet Barat PALING MURAH di Tebet Barat, Jakarta",2550,150,90,4,4,2,Murah
Dijual Rumah Second Strategis Tanah Luas di Tebet,23000,350,565,5,3,4,Mahal
Rumah Clasic Asem Baris Tebet Jakarta Selatan Hitung Tanah Saja Setrategis Dekat Mt Haryono,9200,650,695,9,6,1,Mahal
Rumah lama hitung Tanah di Tebet,7500,180,253,3,2,1,Mahal
Rumah Tebet Hitung Tanah,14250,350,393,5,4,1,Mahal
Brand New House Di Lokasi Iconic Tebet,4000,216,135,5,4,2,Menengah
Tebet Rumah Minimalis,5850,220,138,4,3,2,Mahal
Rumah Minimalis Bagus Tebet Timur,2700,160,90,3,3,1,Murah
Dijual Rumah Tebet Hitung Tanah Lokasi Strategis Jalan 1 Mobil,3250,200,157,7,3,1,Murah
Rumah tebet jalan lebar nyaman keamanan 24 jam dekat kemana mana,9800,350,247,4,3,2,Mahal
Dijual Rumah Asri Komplek Tebet Mas Lokasi Premium Nyaman Jalan 2 Mobil,12000,350,237,4,3,2,Mahal
Rumah dijual di Tebet Raya,18500,300,520,5,4,2,Mahal
"Rumah Mewah Di Tebet Turun Harga Menjadi Rp 14,5 M, Ada Swimmung Pool",14500,500,307,10,7,2,Mahal
Rumah Di Jual Di Tebet,8200,300,260,4,4,3,Mahal
"Rumah Di Jual, Brand New, Tebet Barat ",2700,120,92,3,3,2,Murah
"Dijual Rumah minimalis di Bukit Duri, Tebet",2500,121,100,3,2,2,Murah
"Rumah Hoek Tebet Jakarta Mewah, Lokasi Strategis Selangkah ke Masjid",9900,350,250,5,3,2,Mahal
"Rumah Tebet Jakarta Selatan, depan Lapangan, Dijual Cepat Harga BU",4200,285,160,5,6,1,Menengah
Rumah Di Tengah Pusat Bisnis Dekat Jalan Gatot Subroto Jaksel,10000,353,535,10,10,7,Mahal
Rumah Dalam Komplek Di Gudang Peluru - Tebet Blok N348,5000,220,217,3,3,1,Menengah
"Tebet, Siap Huni, jalan 2 mobil",4300,250,90,4,4,2,Menengah
Rumah 2 Lantai Lokasi Strategis Akses 2 Mbl Asem Baris Tebet,3000,250,125,3,2,1,Murah
Rumah Lama Layak Huni Akses 2 Mbl Lapangan Ros Tebet Jaksel,3000,130,170,4,3,1,Murah
Rumah Baru Design Modern Posisi Hook Lokasi Tebet Timur,3400,170,110,4,4,2,Menengah
rumah baru 2lantai siap huni akses jalan 1mobil lokasi tebet timur,3200,150,90,3,2,1,Murah
Rumah Siap Huni Akses 1mobil Lokasi Tebet Timur,3000,150,110,4,3,2,Murah
Rumah Baru Siap Huni Semi Furnish Akses 1mobil Lokasi Tebet Utara,3200,210,91,5,3,1,Murah
Dijual rumah baru Lokasi tbt timur,3300,150,90,3,2,1,Menengah
"Rumah Siap Huni Di Tebet, Lingkungan Nyaman",5700,250,190,4,3,1,Mahal
Rumah Siap Huni Di Kebon Baru Jaksel,2100,188,125,6,4,1,Murah
Di jual Rumah di tebet,4000,89,175,3,3,2,Menengah
good house at jaksel tebet,2200,120,220,5,3,1,Murah
goood house at jakarta selatan tebet,8500,234,300,5,4,1,Mahal
good house at jakarta selatan tebet ,1700,154,204,5,2,0,Murah
Jual Cepat Rumah Di Tebet,10500,350,247,5,5,3,Mahal
Rumah Tebet Dekat Mall Kokas BU Harga Covid,1899,150,135,4,2,1,Murah
good house at tebet,1500,90,121,3,2,0,Murah
Rumah Tebet Barat Dalam Jakarta Selatan,9000,399,384,3,3,1,Mahal
Dijual Termurah Rumah Siap Huni di Tebet Utara Jakarta Selatan,3500,180,100,5,4,1,Menengah
TEBET MAS Rumah Nyaman Dalam Komplek Elit Dekat Taman JARANG ADA,13000,250,322,4,3,2,Mahal
"Dijual Rumah di Tebet Utara, akses 2 mobil, Jakarta Selatan",7800,160,261,3,4,2,Mahal
Dijual Rumah Tebet Barat Lokasi Premium Tenang Jalan Lebar,8000,200,202,5,3,3,Mahal
Dijual Murah Rumah Mewah di Tebet Utara Jakarta Selatan,8000,450,306,5,4,1,Mahal
Rumah Lama Layak Huni Tebet Jak Sel,2900,90,135,2,1,1,Murah
Dijual rumah lama layak huni akses jalan lebar lokasi tebet timur,2950,125,135,2,1,0,Murah
Rumah Tua Butuh Renovasi di Tebet Timur Jak Sel,2600,80,130,2,1,0,Murah
Rumah Siap Huni Baru Renovasi Di Tebet Utara Jak Sel,2500,105,54,3,2,1,Murah
Di jual rumah 2nd siap huni akses gg motor tebet,2500,100,130,3,2,0,Murah
Rumah Siap Huni Model Minimalis Di Tebet Jakarta Selatan,2600,180,95,4,2,1,Murah
TEBET - Bagus Untuk Investasi di Jalan 1 Mobil,2700,120,142,3,2,1,Murah
Rumah di Tebet Jalan dua mobil bangunan lama,5000,100,220,2,1,0,Menengah
Rumah dijual di Tebet,5900,340,134,5,4,3,Mahal
Rumah huk di Tebet jalan satu mobil lebar,3000,250,150,3,3,2,Murah
Rumah baru di Tebet Barat dekat jalan dua mobil,3500,160,118,4,4,2,Menengah
Rumah di Tebet Barat bagus terawat dekat fasum,3200,128,138,3,2,1,Murah
"TEBET - Siap Huni, Bagus, Akses 2 Mobil",5300,200,145,3,3,2,Mahal
"TEBET - Depan Taman, Baru, Jalan 2 Mobil",6500,220,150,3,3,1,Mahal
Jual Cepat Rumah Di Casablanca Jakarta Selatan,6000,300,284,7,3,3,Mahal
"Rumah Baru dijual di Tebet Barat, lokasi strategis",3500,200,135,3,3,2,Menengah
"Dijual Rumah Di Jl. Kebon Baru Utara, Tebet Jakarta Selatan",2780,192,120,5,4,2,Murah
For Sale..Rumah Di Tebet Timur,4900,215,135,9,8,0,Menengah
Rumah baru 100% bergaya mewah tebet Jakarta selatan,3800,160,165,4,3,1,Menengah
Dijual Rumah Baru Dengan Design Minimalis Di Tebet,4500,175,125,3,3,2,Menengah
"Dijual Rumah Brand New, Ada Taman, Lingkungan Tenang Di Tebet Barat",6500,350,230,4,4,2,Mahal
Dijual Rumah Dalam Komplek Elit Tebet Mas Lokasi Paling Premium di Tebet,5500,300,140,3,3,2,Mahal
"Dijual Rumah di Tebet Utara, akses 2 mobil",7800,160,261,3,4,2,Mahal
TERJUAL Rumah Di Bukit Duri Area Komersil,3900,150,250,4,2,2,Menengah
DIJUAL CEPAT HARGA MURAH ( BU CEPAT) Rumah 700 m2 Di TEBET,9200,450,700,8,4,4,Mahal
Dijual rumah siap huni 2lantai full strategis dekat kokas akes jalan2mobil lokasi menteng dalam,2200,150,82,5,2,2,Murah
Rumah Siap Huni Hanya 50m Dari Dan Ke Asem Baris Raya Tebet,2100,100,126,2,2,1,Murah
Rumah Siap Huni Akses 1mobil Di Tebet Timur,2450,150,135,5,2,0,Murah
Rumah Bagus Siap Huni Pinggir Jalan 2 Mbl Asem Baris Tebet,2150,120,135,3,2,1,Murah
Rumah Bagus Siap Huni Pinggir Jalan 2 Mbl Asem Baris Tebet,2300,130,150,4,1,0,Murah
Rumah siap huni lokasi strategis pinggir jalan raya asem baris jaksel,2000,120,94,2,2,0,Murah
Rumah Tua Dalam Lingkungan Yang Nyaman Di Kebon Baru Jakarta Selatan,2250,130,150,2,1,0,Murah
"Dijual rumah di Asem baris, Akses jalan 2 mobil",2000,100,111,2,2,1,Murah
Rumah baru siap huni di tebet barat,4000,216,135,5,4,2,Menengah
TEBET RAYA Rumah Layak Huni Dekan Stasiun,22000,350,448,6,7,2,Mahal
Dijual Rumah Komplek Tebet Lokasi Premium Tenang Jalan Lebar,13000,216,384,3,3,2,Mahal
Dijual Cepat Rumah Di Tebet Dalam,9000,470,353,9,6,0,Mahal
Rumah Baru Model Minimalis Di Tebet Timur Jakarta Selatan,6200,260,138,6,5,0,Mahal
"Dijual Rumah Lama Hitung Tanah Di Tebet Jaksel, Lokasi TOP, Tenang, Asri",2400,120,149,3,2,0,Murah
TEBET RAYA Jalan Lebar Cocok Untuk Resto dan Kantor,15000,237,387,5,4,3,Mahal
TEBET RAYA AREA KOMERSIL Rumah Siap Huni Bisa Dibangun 4 Lantai,22000,300,520,4,4,2,Mahal
"3 Bedrooms House Tebet, Jakarta Selatan, DKI Jakarta",2200,120,100,3,2,1,Murah
"Jual Rumah Tebet 3-Lantai Akses 2 Mobil, Jakarta Selatan",5000,320,150,9,5,0,Menengah
Rumah Second Terawat Dan Setrategis Tebet Jakarta Selatan,23000,350,565,5,3,4,Mahal
Rumah tebet dekat mall kokas,2700,135,87,3,2,2,Murah
Rumah Baru di Jln Tebet Timur Jakarta Selatan,4595,170,136,5,4,2,Menengah
"Dijual Rumah di Jalan Palbatu, dekat kota kasablanka, jalan 2 mobil",1300,100,75,3,2,0,Murah
"Dijual Cepat Rumah Hoek Tebet, jalan 2 mobil Harga Nego",12000,500,590,10,10,0,Mahal
"Dijual Rumah 1,5 Lantai Di Tebet Dalam",21000,300,500,4,3,4,Mahal
"Dijual Cepat Rumah Bagus di Tebet, Siap huni",3500,170,100,5,3,3,Menengah
"Dijual Rumah Baru di Tebet, Elite",3900,179,142,5,4,2,Menengah
"Dijual Brand New Rumah Tebet, Ada Swimming Pool",25000,700,619,5,4,10,Mahal
"Dijual Rumah Baru di Tebet, Jalan 1 mobil Lebar, Jakarta Selatan",3900,179,142,5,4,2,Menengah
"Dijual Rumah Elite di Tebet, Jakarta Selatan",1250,480,312,4,2,1,Murah
"Dijual Rumah Baru di Tebet, siap huni",3900,230,130,3,4,3,Menengah
"Dijual Rumah Tebet Barat, Hitung Tanah Saja, Jarang Ada",3000,150,160,5,2,0,Murah
Dijual Rumah Cantik Tebet Lokasi Premium Nyaman Jalan Lebar,12000,240,303,6,6,4,Mahal
Rumah Nyaman Jalan Lebar Strategis Di Kebon Baru Dekat Stasiun Tebet,5000,275,210,6,5,3,Menengah
Rumah 2 Lantai Luas Murah Strategis Di Kebon Baru Dekat Stasiun Tebet,2300,150,132,4,3,1,Murah
Dijual Rumah Strategis Komplek Gudang Peluru Jakarta Selatan,9800,162,342,5,3,2,Mahal
Rumah Murah Di Tebet Jaksel,6800,500,428,5,4,4,Mahal
"Rumah 2 Lantai Di Tebet Barat, Blakang Perkantoran Mt Haryono",11000,600,391,7,5,4,Mahal
"Rumah Di Pinggir Jalan Tebet Barat Raya, SHM, Investasi Bagus",11500,350,400,9,7,6,Mahal
Dijual Cepat Rumah Tebet Barat Dalam Lokasi Strategis Jakarta Selatan,3600,130,163,3,2,2,Menengah
"Rumah Tebet Bebas banjir, dekat pintu tol",22500,700,610,6,4,1,Mahal
Rumah Mewah Dan Sangat Strategis Di Tebet,9500,340,240,7,4,2,Mahal
"Tebet Mas, lokasi OK depan taman",13000,225,322,4,3,2,Mahal
Rumah TEBET jak sel,10000,300,264,5,4,0,Mahal
Rumah berada di kawasan elit di @Tebet Timur,5500,117,205,5,4,0,Mahal
Rumah Di tebet Barat,3500,90,110,3,3,1,Menengah
Rumah di tebet,3500,250,91,4,2,2,Menengah
Rumah Murah Di Tebet Jakarta Selatan BaruÂ ,3800,154,113,4,4,3,Menengah
Rumah Siap Huni Di Tebet Lokasi Sangat Strategis Sekali,2800,250,90,3,3,1,Murah
Dijual Rumah Mewah Terawat Di Daerah Tebet Hrg Menarik,13750,600,429,6,4,1,Mahal
Rumah Baru Tebet,6200,220,150,4,4,2,Mahal
"Dijual Rumah Asri, Tebet, Jakarta Selatan",4600,200,147,4,3,1,Menengah
Rumah Lama di tebet berada di pusat kota jakarta selatan,12000,322,322,4,3,2,Mahal
di jual rumah bagus tebet,2500,94,78,2,2,2,Murah
Rumah Lama Tebet Dijual Cepet Dengan Lokasi Strategis,2500,160,135,3,2,2,Murah
Rumah Besar Bangunan Kokoh Siap Huni Di Kebon Baru Tebet Jak Sel,9200,450,700,8,4,2,Mahal
Dijual rumah hitung tanah di tebet dalam komplek jalan lebar,6500,217,217,3,2,2,Mahal
Rumah Siap Huni Dan Bagus Dijual Kebon Baru Tebet Jakarta Selatan,12000,450,700,8,4,0,Mahal
Rumah Siap Huni Dijual Jaya Mandala Jakarta Selatan,35000,599,469,4,3,0,Mahal
"Rumah Di Tebet Timur, Jalan 1 Mobil, Dekat 2 mobil",4200,120,143,6,3,2,Menengah
"Rumah Di Tebet Barat Dalam, Jalan 2 Mobil, Strategis",5500,200,221,5,2,2,Mahal
"Tebet rumah minimalis modern akses 2 mobil, jakarta selatan",3500,190,100,6,4,2,Menengah
Rumah gang kebun baru tebet jakarta selatan,900,100,56,3,2,0,Murah
Rumah Dijual di Tebet Jakarta Selatan,3500,350,100,4,4,2,Menengah
Rumah murah dan strategis di tebet timur jakarta selatan,7500,150,288,5,3,1,Mahal
Rumah dua lantai di Tebet Barat Dalam Jakarta Selatan,3500,235,140,5,4,2,Menengah
Rumah Jakarta Selatan Tebet,14000,200,475,5,3,0,Mahal
"Rumah Siap Huni LT 170 M2 TERMURAH di Tebet Dalam, Jakarta Selatan",3500,210,170,6,2,2,Menengah
Newly House dekat Taman Akses JALAN 2 MOBIl bentuk tanah NGANTONG di Tebet Barat,4950,225,110,5,4,2,Menengah
Rumah Cantik 3 Lt Semi FURNISH di Tebet Utara,2600,210,91,5,3,1,Murah
Dijual Rumah Baru Di Tebet Timur Harga Bagus,4200,200,165,4,2,0,Menengah
Rumah Arsitektur Klasik Dijual Di Tebet Barat Harga Bagus,4200,150,100,4,4,0,Menengah
Dijual Rumah 3 Lantai Cocok Untuk Tempat Tinggal Dan Usaha Kost,1300,332,125,7,7,0,Murah
Rumah siap huni di Tebet - RPA,8500,550,440,8,5,5,Mahal
Brand New Rumah Soho Tebet,8750,180,137,4,4,2,Mahal
"Rumah Brand New Siap Huni Tebet Timur Dalam, Dekat Pspt",3900,200,130,3,3,1,Menengah
Di jual rumah siap huni model classic di tebet menteng dalem jakarta selatan,6100,390,130,7,6,3,Mahal
Rumah Cantik Tebet Jaksel. Dekat Cbd Kuningan Dan Mal Kokas,2500,150,90,3,2,1,Murah
Dijual Rumah Siap Huni di Tebet Jakarta Selatan,3500,350,100,4,4,2,Menengah
"Rumah Klasik SUPER MEWAH Semi Furnished Tebet Timur, Jakarta Selatan",30900,1000,670,8,6,4,Mahal
"Rumah Tua HITUNG TANAH TERMURAH di Area Komersial Jl. Johar, Menteng",55000,400,1075,4,3,4,Mahal
"Rumah Tua Strategis Dijual Hitung Tanah Di Tebet, Jakarta Selatan",3500,225,360,4,2,1,Menengah
Dekat Rumah Sakit Tebet Dan Gelael,3500,200,145,8,8,3,Menengah
TEBET Rumah Jual Hitung Tanah Jalan Tiga Mobil Lebar,4500,150,200,3,2,2,Menengah
"Rumah Lama Di Prime Area Tebet, Komersial",55000,1126,1224,4,4,2,Mahal
Rumah Di Area Komersial Tebet Raya,22000,300,520,4,4,3,Mahal
"Rumah Cantik Brand New, Tersisa 2 Unit",3200,150,86,5,4,2,Murah
"TEBET - Rumah Baru, Design Menarik di Tengah Kota Jakarta",6500,300,173,4,4,2,Mahal
"Rumah di Tebet Timur Jalan 1 Mobil Lebar, Luas Tanah 135 m2",1900,130,135,5,2,1,Murah
"TEBET - Sangat Terawat, Area Tenang di Depan Taman",5990,350,220,5,5,2,Mahal
"DIJUAL Cepat Rumah Baru Siap Huni Full Furnish, Tebet Barat",5500,300,173,4,4,2,Mahal
"Tebet rumah mewah prime lokasi, jakarta selatan",16500,800,361,7,5,6,Mahal
Rumah luas kolam renang di Tebet Jakarta Selatan,23000,700,619,5,5,10,Mahal
Rumah jual tebet jl 2mobil 4. 5mly,4499,250,140,5,4,2,Menengah
Dijual Rumah Tebet Barat Lokasi Premium Tenang Jalan 1 Mobil,3500,150,135,3,3,2,Menengah
Dijual Rumah Baru Siap Huni Depan Taman Tebet,6000,220,150,4,4,2,Mahal
"Rumah baru 100%, Tebet, Jakarta Selatan",3600,154,110,3,3,2,Menengah
"4 Bedrooms House Tebet, Jakarta Selatan, DKI Jakarta",4300,180,135,4,4,2,Menengah
TEBET Rumah Mewah Terawat Dekat Jalan Soepomo,7900,380,225,5,4,2,Mahal
Dijual Rumah Di Asem Barus Tebet,27000,350,1069,4,4,5,Mahal
"Dijual Rumah Di Barat Asem Baris,Kebun Baru",5000,320,150,5,5,3,Menengah
Dijual Rumah Di Tebet Barat,3000,110,132,3,2,0,Murah
Rumah Didalam Kompleks Tebet,4900,280,170,5,4,3,Menengah
Dijual Rumah Tebet Depan Taman Asri Jalan Muat 2 Mobil,3700,130,130,3,3,2,Menengah
Rumah Tebet Asam Baris,2900,160,160,3,3,1,Murah
Rumah Tebet Barat,3700,175,89,3,3,2,Menengah
Dijual Rumah Hitung Tanah Tebet Timur Lokasi Strategis Jalan 1 Mobil,3600,100,180,4,2,1,Menengah
Dijual Rumah Hitung Tanah Tebet Utara IV,2333,80,90,2,2,1,Murah
Rumah Mewah Brand New Di Menteng Dalam Tebet Jakarta Selatan,25000,890,271,5,6,3,Mahal
"TEBET - Rumah Bagus, Jalan 1 Mobil, Siap Huni",6500,275,150,4,5,1,Mahal
"TEBET - RUMAH BARU, Design Bagus",6500,270,140,3,3,4,Mahal
"Tebet-Area Komersi, Jalan 3 Mobil Lebar",22000,300,520,5,4,3,Mahal
"TEBET - SIAP HUNI, Jalan 1 Mobil",2850,102,96,3,2,2,Murah
"TEBET - RUMAH BARU, Jalan 3 Mobil Lebar",30000,900,672,5,6,4,Mahal
rumah second tebet,25000,350,565,4,4,4,Mahal
Rumah Dijual Daerah Bukit Duri Jakarta Selatan,1250,120,136,5,2,0,Murah
Rumah Hitung Tanah Di Gudang Peluru,4000,194,194,3,3,1,Menengah
Dijual Rmh Secont Tebet,6000,250,141,4,4,3,Mahal
"Rumah Dekat Pusat Kota Selangkah Menuju Terminal Kampung Melayu, Stasiun Tebet Dan Kota Casablanca",2600,147,154,4,3,1,Murah
Dijual Rumah siap huni baru di tebet barat V,3500,126,135,4,3,0,Menengah
Rumah baru 2 lantai di Tebet timur,3500,170,112,3,4,2,Menengah
Di Jual Rmh Tbt Siap Huni,12500,600,208,4,5,3,Mahal
Rumah bagus dekat taman dan pasar pspt siap huni acces mudah kemana saja,3950,260,133,5,5,2,Menengah
Rumah Tebet Timur Dalam,2300,100,140,3,2,1,Murah
Jual Rumah 2 Lantai Di Tebet Jakarta Selatan,4000,216,135,5,4,1,Menengah
Rumah Mewah Siap huni Tebet,29000,900,672,5,6,4,Mahal
"For Sale British Tuscan House At Tebet Mas, Jaksel",37000,500,720,5,5,2,Mahal
Hunian Nyaman Di Gudang Peluru,8000,382,404,6,3,1,Mahal
"Rumah Siap Huni 2 Lantai,Lokasi Strategis Menteng Dalam Tebet Jaksel",5000,180,127,4,4,2,Menengah
TEBET Rumah Lama Hitung Tanah Bangunan Masih Layak Huni,7200,200,256,5,3,2,Mahal
Rumah Mewah Dijual Tebet Jakarta Selatan,17500,800,365,5,4,6,Mahal
Dijual rumah mewah tebet barat,14800,500,310,4,4,4,Mahal
Rumah Tebet segera jual,3750,196,196,7,5,2,Menengah
Rumah Baru Lux siap huni strategis di Menteng Dalam Tebet Jakarta Selatan,6200,390,130,7,6,3,Mahal
"5 Bedrooms House Tebet, Jakarta Selatan, DKI Jakarta",4000,200,160,5,4,2,Menengah
"Tebet Barat Rumah Full Furnished, Jakarta Selatan",6200,251,140,5,4,5,Mahal
Dijual Rumah Pinggir Jalan Di Asem Baris Tebet Jakarta Selatan,8000,252,200,4,3,2,Mahal
Dijual Rumah Mewah Lokasi Strategis Di Tebet Barat Jakarta Selatan,8800,400,230,5,5,3,Mahal
Rumah Siap Huni Di Tebet Jakarta Selatan,3200,150,80,5,5,1,Murah
Dijual Rumah Tebet Raya Lokasi Premium Area Komersial Jalan Raya,18500,300,520,4,3,3,Mahal
TEBET TIMUR - RUMAH MEWAH CLASSIC MODERN,18500,800,361,5,4,4,Mahal
"Dijual Rumah Tua Hitung Tanah di Tebet, Jakarta Selatan",2250,135,135,4,4,0,Murah
Dijual Rumah Lux Tebet Jakarta Selatan,16000,140,246,6,6,1,Mahal
"Rumah Jual Hitung Tanah, Tebet Timur",5999,240,240,4,4,3,Mahal
Rumah Dijual Hitung Tanah Di Tebet Barat,8555,304,304,3,2,3,Mahal
"TEBET - Rumah Bagus, Terawat, Dekat ke Kuningan",4600,215,135,9,8,2,Menengah
TEBET - Siap Huni,4700,222,145,4,3,2,Menengah
Dijual Rumah Siap Huni BU di Kebon Baru Tebet Jakarta Timur,2500,165,135,4,3,1,Murah
Dijual Rumah Cantik Tebet Lokasi Premium Nyaman Jalan 2 Mobil,8500,260,256,4,3,4,Mahal
"Rumah Jl. Rasamala Menteng Dalam, Hitung Tanah",5100,200,305,5,2,3,Mahal
Dijual rumah second Tebet Jakarta Selatan berada dalam lingkungan aman,8000,330,240,5,5,3,Mahal
Dijual Rumah Di Kebon Baru Tebet,3975,325,226,6,5,1,Menengah
Rumah tebet timur dalam,5800,340,173,5,4,2,Mahal
Rumah Mewah Siap Huni Di Tebet,5500,420,210,6,5,2,Mahal
Rumah Asri Dan Sangat Strategis Di Tebet,4500,120,154,6,4,1,Menengah
Rumah Tebet utara,2700,94,78,3,2,1,Murah
Rumah Second Fully Furnish Siap Huni Turun Harga BU Di Menteng Dalam Tebet Jakarta Selatan,4300,180,127,4,4,2,Menengah
Dijual Rumah Minimalist Modern 3lnt Tebet,3700,150,90,4,4,3,Menengah
Dijual Rumah 2 Lnt Tebet,3800,200,130,4,4,2,Menengah
Dijual rumah kos tebet,2600,200,135,10,3,2,Murah
Dijual Rumah Kondisi Layak Huni Tebet,4200,400,225,5,4,2,Menengah
Rumah Tua Hitung Tanah Tebet,3600,200,186,3,2,0,Menengah
Rumah Tua hitung Tanah Tebet,2150,100,104,2,1,0,Murah
Tebet Timur Area Tenang dan Nyaman,2600,120,90,3,2,1,Murah
Rumah Siap Huni Tebet Barat,22000,400,650,7,4,4,Mahal
Rumah Mewah di Tenet,8300,260,306,4,3,1,Mahal
TERJUAL TEBET Rumah Terawat Siap Huni Dekat dari Jalan Besar,2990,162,156,5,4,2,Murah
TEBET Rumah Siap Huni Buatan Arsitek,3200,160,90,3,3,2,Murah
TEBET Rumah Siap Huni Buatan Arsitek,2800,150,90,4,3,2,Murah
Rumah Di Tebet Lokasi Strategis,7500,350,250,5,4,1,Mahal
Rumah di Tebet Hanya 200 m dari MT Haryono,6000,295,352,6,4,5,Mahal
Rumah Di Tebet Lingkungan Mewah Dan Akses Mudah,13500,400,430,9,4,4,Mahal
Rumah Nyaman Asambaris Tebet,5000,320,150,7,6,2,Menengah
"Rumah Dijual 2 lantai, kebon baru Tebet Jak sel",6800,500,428,6,4,5,Mahal
"Rumah tebet timur jakarta selatan. cozy style modern mini custler 4, 6M",4600,176,137,5,4,2,Menengah
Di Jual Rumah Second Lokasi Strategis Tebet Jakarta Selatan,7000,300,182,4,3,2,Mahal
"Tebet rumah modern classic, jakarta selatan",3500,400,150,5,4,2,Menengah
"Rumah tebet dalam, jalan 3 mobil, lingkungan tenang, nego",35000,1000,1400,10,7,7,Mahal
Dijual rumah cantik bagus di Daerah Menteng Tebet,5300,195,199,5,2,1,Mahal
Dijual rumah baru cantik minimalis di Tebet,4000,216,135,5,4,1,Menengah
Dijual Rumah Siap Huni 1.5 Lnt,3500,190,135,4,3,2,Menengah
Rumah Strategis di Tebet dekat Terminal Kampung Melayu,2400,147,154,2,2,0,Murah
"Rumah Minimalist Dijual Di Kebon Baru, Tebet, Jakarta",3375,192,120,5,4,2,Menengah
Dijual Rumah Siap Huni DI Tebet Jaksel,15000,350,400,7,4,3,Mahal
Rumah Siap Huni Dijual Tebet Barat Tebet Jakarta Selatan,22000,300,405,4,4,0,Mahal
"Tebet Timur Jalan lebar, dekat statiun, harga bagus",14000,400,541,5,5,4,Mahal
Rumah mewah dijual di Tebet Jakarta selatan,23000,750,610,6,4,4,Mahal
"Rumah Hitung Tanah di Tebet Timur, Jalan Lebar 3 Mobil, Bentuk Tanah Persegi",7100,200,256,6,3,3,Mahal
Rumah second masih bagus wilayah Tebet,6000,325,222,6,4,1,Mahal
TERJUAL TEBET TIMUR JALAN 2 MOBIL Dekat Taman,4300,200,145,3,3,2,Menengah
Dijual Rumah Cantik Tebet Barat Lokasi Dekat Taman Nyaman Jalan 1 Mobil,3500,250,90,3,4,2,Menengah
Very Cheap House Tebet,6500,219,338,5,3,1,Mahal
"Tebet rumah full furnished, jakarta selatan",7000,210,166,6,6,3,Mahal
"The Classic Luxury House With Pool @Brand New near Cassablanca Area, Palbatu, Jakarta Selatan",6100,375,130,6,5,3,Mahal
"The Classic Luxury House With Pool @Brand New near Cassablanca Area, Palbatu, Jakarta Selatan",4000,200,160,5,4,2,Menengah
Rumah siap huni di tebet dalam,8000,470,350,7,6,2,Mahal
Rumah Tua Kebon Baru Tebet Jakarta Selatan,10000,674,775,4,3,0,Mahal
Rumah Tebet Ada Kamar Tidur,3700,400,370,6,2,0,Menengah
Rumah Area Tebet Ada Kamar Tidur,3000,192,120,4,3,2,Murah
Dijual Rumah Gudang Peluru Tebet Lokasi Premium Nyaman Jalan Lebar,8250,460,290,6,5,2,Mahal
"Rumah di Tebet Timur Dalam 7 i, Luas Tanah 179 m2, Lebar Muka 12 meter",3300,160,179,4,2,2,Menengah
Dijual Rumah Di Tebet,11000,500,400,6,3,4,Mahal
"Dijual Rumah Baru Siap Huni Daerah Tebet , Jakarta Selatan",7000,220,166,4,4,2,Mahal
Tebet Timur Rumah Homies Termurah Cepat,2990,162,156,6,4,2,Murah
"DIJUAL Rumah 2 Lantai, Lokasi Sangat Strategis, Dekat Tol Cawang dan Stasiun Cawang",3600,125,135,5,3,2,Menengah
Dijual Murah Rumah Di Jln Keselamatan Tebet Jakarta Selatan,2650,190,202,4,2,4,Murah
Rumah Hoky Lokasi Strategis Di Belakang Hotel Haris Tebet,2650,180,202,4,2,4,Murah
Rumah 2 Lantai Siap Huni di Bilangan Tebet,2700,200,122,5,3,1,Murah
"Rumah Di Tebet Raya, Area Komersial, Keluar Ijin Domisili, Strategis",22000,500,520,5,4,4,Mahal
Rumah Tebet Dengan Lokasi Strategis Jalan Lebar,2800,150,98,4,3,1,Murah
Djual rumah di tebet jakarta selatan luas,9200,450,700,8,5,2,Mahal
Rumah jual Tebet Barat,6000,150,250,4,4,2,Mahal
"Rumah Dijual Murah Lokasi Strategis Di Kebon Baru, Tebet - Jakarta Selatan",1000,140,128,5,3,1,Murah
Brand New House At Tebet Barat,14800,500,310,3,3,4,Mahal
"Dijual Rumah Di tebet , Jakarta Selatan Cocok Untuk Ruang Usaha",7500,200,280,5,5,2,Mahal
"Tebet rumah classic cocok buat comersial, jakarta selatan",20000,700,547,6,5,6,Mahal
TEBET Rumah Nyaman Siap Huni dekat Kawasan Kuliner Tebet,1999,125,133,4,2,1,Murah
"Rumah di Tebet Timur, SHM, Dekat ke Bandara Halim, Mall Kota Kasablanka dan Dekat Pintu Tol Pancoran",1950,125,130,4,2,1,Murah
Townhouse Bidakara Mewah Nyaman Di Jakarta Selatan 4 Br,11500,600,208,4,5,4,Mahal
"Rumah hook dijual, sangat strategis di Tebet",2400,147,154,3,2,1,Murah
Rumah Cantik Full Renov Tebet Timur,3100,140,90,3,2,2,Murah
Rumah Siap Huni Di Tebet - Jakarta Selatan,4600,250,184,4,3,2,Menengah
Dijual Rumah Lama Tebet Barat Lokasi Strategis Jalan 1 Mobil,3000,140,135,3,2,1,Murah
Dijual Rumah Baru 2 lantai Di Tebet,3200,120,86,5,4,2,Murah
Rumah Asri di jalan utama tebet,15000,500,400,9,6,4,Mahal
"Rumah tebet timur dalam, depan taman",4500,140,140,3,2,1,Menengah
Dijual rumah hook asri Bangunan di gudang peluru,6800,480,290,6,3,4,Mahal
Rumah Tebet Timur Dalam Dekat Pspt dan stasiun tebet,6500,219,338,5,3,3,Mahal
Rumah lama hitung tanah kb. Baru Tebet,3550,250,352,5,1,3,Menengah
Rumah Mewah Fullfurnish Tebet Jakarta Selatan,23000,1000,498,8,9,5,Mahal
Siap Huni Depan Taman Tebet Dalam,4200,220,115,4,3,0,Menengah
Rumah Dijual Di Tebet,9000,250,162,4,3,2,Mahal
Rumah Tinggal Area Tebet,12000,385,404,4,3,0,Mahal
Rumah Mewah Di Prime Area Tebet,12000,350,198,7,5,4,Mahal
Rumah Tua Hitung Tanah Di Prime Area. TERMURAH Di TEBET !,22000,600,852,5,5,4,Mahal
Rumah Bagus Siap Huni Dekat Casablanca. TERMURAH Di TEBET !,3500,300,190,6,6,3,Menengah
Rumah Siap Huni Dan Tanah Kosong  Tebet Barat,15000,200,385,5,5,0,Mahal
Rumah Lama Di Tebet. MURAH. Best Investment !,3850,160,224,4,3,1,Menengah
Komplek Bukit Duri Permai,9800,759,319,4,4,4,Mahal
Rumah Bagus Siap Huni JUAL CEPAT ! Tebet Utara,8900,300,300,5,4,2,Mahal
Rumah Cantik Siap Huni Dalam Komplek. JUAL CEPAT ! Tebet Barat ,4700,280,102,4,3,3,Menengah
Rumah Baru Siap Huni. MURAH ! Tebet Barat,3050,173,89,3,4,2,Murah
Rumah Bagus Siap Huni FULL FURNISHED Di Dalam Komplek Tebet Barat,5750,250,121,4,4,2,Mahal
Rumah Baru Dalam Komplek Tebet,4500,250,110,4,3,1,Menengah
RUMAH MEWAH TEBET,28000,750,498,5,5,3,Mahal
Rumah Tebet 2 lantai,6500,117,205,5,4,0,Mahal
Rumah tebet ada ruang usaha jakarta selatan,13000,500,400,6,3,2,Mahal
Rumah Mewah Cantik Minimalis Modern Harga Dibawah Pasaran di Jalan Raya Tebet Timur Dalam Raya Tebet,25000,350,565,5,5,1,Mahal
good unit house tebet jakarta,7300,500,325,5,5,1,Mahal
"Rumah Tebet Timur, Jalan 1 Mobil",2900,125,135,5,2,1,Murah
"Rumah Tebet Timur, Jalan 2 Mobil Dekat Taman Tebet",8000,278,278,7,3,2,Mahal
Rumah Cantik Jalan 2 Mobil Tebet,6250,240,180,7,5,0,Mahal
Dekat Stasiun Tebet Dan Mega Kuningan,8750,300,322,4,4,2,Mahal
"4 Bedrooms House Tebet, Jakarta Selatan, DKI Jakarta",5500,360,140,4,4,2,Mahal
"Rumah Di Jual Tebet Barat, Luas Tanah 550 Meter",16500,700,550,6,6,1,Mahal
good unit house tebet jakarta,1100,63,300,3,1,1,Murah
Rumah Bagus Siap Huni Ada S. Pool Di Tebet,15000,700,700,5,3,4,Mahal
Rumah Baru Spec Premium Semifurnished,6900,250,125,3,2,2,Mahal
Dijual Cepat rumah 3 lantai di Tebet,7500,500,280,5,4,1,Mahal
Rumah minimalis tebet jalan 3 mobil,5800,220,141,4,4,3,Mahal
Rumaha mewah siap huni tebet,14500,400,307,3,3,4,Mahal
Rumah Minimalis Siap Huni Tebet,4500,200,146,4,4,2,Menengah
"5 Bedrooms House Tebet, Jakarta Selatan, DKI Jakarta",17000,600,550,5,6,6,Mahal
Dijual Rumah Tebet Dekat Dengan Jalan 2 Mobil Beda 1 Rumah..!!,2950,150,134,3,2,1,Murah
Rumah Hitung Tanah Tebet Jalan 1 Mobil,3000,150,150,3,2,1,Murah
Dijual Cepat Rumah Strategis Tebet Timur,2000,80,90,2,1,1,Murah
Rumah Mewah Cantik Minimalis Modern di Jalan Raya Tebet Timur Dalam Raya Tebet Jakarta Selatan,25000,350,565,5,5,4,Mahal
Jual Cepat Rumah Mewah di Tebet Jakarta Seatan,8500,300,325,5,3,2,Mahal
Rumah Cantik Di Tebet Jakarta Selatan,7000,280,220,4,3,4,Mahal
Dijual Cepat Rumah lama layak huni di Tebet,9800,400,350,4,5,1,Mahal
Rumah Siap Huni Di Tebet Lokasi Sangat Strategis Sekali,3000,150,90,3,2,1,Murah
Rumah Mewah Kampung Melayu Jual Murah Bawah Pasaran,5500,200,250,4,3,3,Mahal
Rumah Lama Terawat Di Tebet Timur,4850,300,265,4,3,0,Menengah
Rumah Baru Renovasi Di Tebet Utara,3200,150,135,5,2,1,Murah
Rumah Mewah Di Tebet,25000,1080,619,5,6,2,Mahal
Rumah Baru Dekat Kawasan Tebet jakarta selatan,6700,390,130,7,6,3,Mahal
Dijual Rumah Komplek Depkeu Menteng Tebet Jakarta Selatan,17000,360,606,8,3,1,Mahal
"Dijual Rumah Brand New Cantik Asri Siap Huni Harga Murah Dengan Tanah Luas Di Tebet Timur, Tebet Jaka",31000,1000,670,6,5,2,Mahal
Rumah hitung tanah di kebon baru Tebet Jakarta Selatan,9200,650,695,6,8,1,Mahal
Rumah Minimalis Bagus Prime Area Tebet Barat,6900,250,160,3,4,1,Mahal
Rumah Kos Tebet,3800,250,145,8,8,0,Menengah
Tebet Rumah Hitung Tanah Siap Bangun Linkungan Aman dan Nyaman,3600,120,139,5,3,1,Menengah
Tebet Rumah Hitung Tanah Dekat Taman,1700,80,90,2,2,1,Murah
Rumah dijual di tebet,2900,133,126,3,2,1,Murah
Rumah Siap Huni Ditebet Jual Cepat,1900,120,90,3,2,1,Murah
Rumah Tebet Soepomo Komplek Keuangan,17000,390,608,9,3,5,Mahal
Rumah Murah Tanah Luas Siap Huni Di Asem Baris Tebet Jakarta Selatan,7000,500,428,6,6,4,Mahal
"Rumah Dan Kos-Kosan Di Tebet Barat, Jalan 1 Mobil, Lokasi Strategis",3300,200,145,8,8,2,Menengah
Rumah Baru Minimalis 2 Lantai Siap Huni di Tebet Jakarta,7150,250,162,4,3,2,Mahal
"Murah Dibawah Pasaran, Tebet Timur",8500,283,306,5,4,1,Mahal
Rumah Murah 2 Lantai Tebet,600,60,30,2,1,0,Murah
"Dijual Rumah Brand New Siap Huni Harga Murah Dengan Tanah Luas Di Tebet Barat, Tebet Jakarta Selatan",17000,450,310,4,4,4,Mahal
Rumah Minimalis Murah Dekat Stasiun Tebet Jakarta Selatan,2750,121,100,4,3,1,Murah
Dijual Rumah Tebet Barat Lokasi Premium Nyaman Jalan 1 Mobil,3000,224,124,3,3,1,Murah
Rumah Cantik Minimalis Di Tebet,6500,300,200,5,4,4,Mahal
Rumah tebet timur dalam jalan 1 mobil dekat 2 mobil,5900,272,311,4,4,5,Mahal
Rumah 2 Lantai di Kebon Baru Tebet Jakarta Selatan,2400,147,154,3,2,0,Murah
"Rumah Baru Bagus, Asem Baris, Tebet Area",4800,325,226,4,4,3,Menengah
"DIJUAL CEPAT Rumah 2 LANTAI SIAP PAKAI MURAH SEKALI @Tebet, Jakarta Selatan",6500,250,180,8,5,2,Mahal
Rumah Ditebet Utara Tebet Jakarta Selatan,6500,250,181,8,6,1,Mahal
"Dijual Rumah Di Tebet, Jakarta Selatan, Siap Huni",3195,150,135,3,3,1,Murah
Rumah Bagus Di Asem Baris - Tebet,5000,320,150,7,6,2,Menengah
Rumah Bagus Di Asem Baris - Tebet,10000,380,230,6,4,0,Mahal
"DIJUAL RUMAH di Jl. Asem Baris Tebet, Jaksel",2200,226,95,5,3,2,Murah
Rumah mewah clasic di tebet jakarta selatan,29000,1000,670,5,5,5,Mahal
"Rumah Mewah design Klasik, ada Swimming Pool di Tebet Barat",14800,500,310,4,4,4,Mahal
Di Jual Show Unit Tebet Jakarta Selatan,2700,72,72,4,4,0,Murah
Dijual cepat murah BU rumah lama strategis di tebet jakarta selatan,3000,100,139,3,2,1,Murah
"DIJUAL CEPAT Rumah 2 Lantai SIAP HUNI & MURAH JARANG ADA di Tebet, Jakarta Selatan",6500,250,180,8,5,2,Mahal
Tebet - Dijual Rumah Dalam Kompleks Gudang Peluru,7500,180,200,5,4,1,Mahal
"Rumah Siap Huni,Bebas Banjir,Tenang,Nyaman Di Gudang Peluru, Tebet",5000,250,217,3,3,1,Menengah
Jual cepat Rumah Besar di Tebet Timur,3250,300,153,8,7,2,Murah
Rumah Kost Bisa Untuk Huni Di Tebet Barat Dalam Dekat Mt. Haryono,3300,200,130,9,3,1,Menengah
TEBET Rumah Lingkungan Nyaman dan Aman Dekat Taman,4500,200,180,4,3,1,Menengah
TEBET Rumah Brand New Depan Taman Jalan Dua Mobil Lebar,7200,250,161,3,3,2,Mahal
Menteng Dalam - Tebet Akses Jalan 2 Mobil Dekat Asisi,2800,150,102,3,3,1,Murah
Tebet Rumah Brand New Akses Jalan 2 Mobil,4500,250,96,5,4,2,Menengah
"Dijual Cepet Rumah Siap Huni Tebet, Lokasi Nyaman, Strategis",2700,100,130,5,2,2,Murah
Dijual Rumah Minimalis Tebet Timur Lokasi Premium Bisa Untuk Kantor Jalan Raya,9500,250,189,4,3,2,Mahal
Rumah Siap huni 3 lantai dalam komplek Tebet,5500,147,107,6,4,1,Mahal
Dijual Rumah Tebet Area Komersil Lokasi Strategis Jalan Raya,23000,750,610,8,6,6,Mahal
Kebon Baru Rumah Nyaman Siap Huni,1500,120,90,3,2,1,Murah
"Rumah Secondary tanah luas strategis asem baris Tebet, Jakarta selatan",7000,500,428,8,6,4,Mahal
"Tebet rumah murah prime location, jakarta selatan",3500,210,170,5,3,2,Menengah
Rumah brand new area Tebet Barat,4950,225,110,5,4,2,Menengah
Dijual Rumah Mewah Desain Modern Daerah Tebet,30000,800,498,5,5,9,Mahal
Dijual rumah baru di tebet jakarta selatan,1980,164,72,4,2,2,Murah
BrandNew Siap Huni Parkir 3 Mobil Tebet Utara,6500,250,125,3,3,3,Mahal
"Rumah Tebet Dalam, Dekat Taman & Dekat Jln 2 Mobil",3500,178,150,3,2,2,Menengah
Rumah Lama Terawat BU Tebet,1800,105,90,3,2,1,Murah
Rumah Lama Terawat lokasi bagus dekat MT.Haryono,13000,350,248,4,4,1,Mahal
Tebet Rumah Lama Terawat,3100,225,156,4,3,2,Murah
Brand New Rumah Strategi Soho Tebet,4750,180,137,4,4,2,Menengah
"4 Bedrooms House Tebet, Jakarta Selatan, DKI Jakarta",2599,160,90,4,2,1,Murah
Dijual Rumah Komplek Gudang Peluru Hitung Tanah Lokasi Premium Tenang Jalan 2 Mobil,6250,200,320,4,3,2,Mahal
"Rumah Siap Huni Di Tebet, Jalan 1 Mobil Strategis",3000,150,135,3,1,1,Murah
KOMPLEK ELITE GUDANG PELURU - Rumah Besar Siap Huni,6550,350,270,5,4,2,Mahal
Rumah Asem Baris,5000,320,150,7,6,1,Menengah
Rumah Baru Lux Di Tebet Barat,16000,525,330,4,4,3,Mahal
Turun harga rumah di Tebet Jaksel,23000,750,610,8,6,4,Mahal
Dijual Rumah Tebet Timur Layak Huni Lokasi Premium Nyaman Jalan Lebar,7100,200,265,6,3,3,Mahal
Dijual Murah Rumah Hitung Tanah Tebet Timur Lokasi Strategis Jalan 1 Mobil,2300,144,135,4,2,2,Murah
Dijual Rumah 2 Lantai Lokasi Strategis Siap Huni di Asembaris Tebet,7500,500,428,6,4,4,Mahal
Rumah tebet jakarta selatan,5500,410,205,4,4,2,Mahal
Rumah Bagus Minimalis Luas Dan Murah Di Asem Baris Tebet Jaksel,2300,150,132,4,3,1,Murah
Dekat Stasiun Tebet Dan Jalan Mt Hariyono Dan RS.Umum,15000,237,387,5,4,2,Mahal
Dijual Rumah Tebet Brand New Lokasi Strategis Jalan 1 Mobil,3500,140,90,3,3,2,Menengah
Rumah tebet timur dalam jalan 2 mobil,5900,140,107,3,3,3,Mahal
Rumah Tebet Dalam Jalan 1 mobil dekat 2 mobil,3000,62,90,5,3,0,Murah
Dijual Rumah Dengan Carport Luas di Tebet Barat,30000,500,703,8,4,8,Mahal
"Rumah Tebet Barat Dalam, Strategis",2900,120,137,5,2,1,Murah
Tebet Akses Jalan 2 Mobil Dekat Taman Cocok Untuk Hunian,6000,350,220,5,5,2,Mahal
RUMAH MEWAH CANTIK SIAP HUNI DI MENTENG DALAM TEBET JAKARTA SELATAN,18000,200,251,5,3,3,Mahal
Rumah siap huni 3 lantai di Tebet Jakarta Selatan,5500,147,107,6,4,2,Mahal
DIJUAL RUMAH di TEBET TIMUR Jakarta Selatan,3700,350,180,4,3,1,Menengah
Rumah Siap Huni Jalan Lebaaarrr Tebet Barat,6250,150,150,3,3,2,Mahal
"Rumah Murah Di Tebet Timur Dalam, Tebet Jakarta Selatan",3700,150,139,5,3,1,Menengah
Rumah Mewah di Tebet Jakarta Selatan,7300,300,325,5,4,6,Mahal
"Rumah Cantik 2 Lantai, akses jalan 2 Mobil, di Tebet Timur",6950,150,190,4,4,2,Mahal
Dijual Rumah Hook Baru Tebet Timur Jakarta Selatan Lokasi Aman Tidak Banjir Dekat Pasar PSPT,3400,190,110,5,6,2,Menengah
Dijual Rumah Baru Siap Huni di Tebet Barat,3300,120,90,3,3,2,Menengah
House In Dukuh Patra,42000,600,624,3,3,2,Mahal
Dijual rumah di tebet siap huni,2700,170,88,5,4,0,Murah
"Dijual Rumah Lux Brandnew, Lokasi Strategis Dekat Ke Kokas",6700,390,130,4,5,2,Mahal
Dijual Rumah Di Tebet,12000,400,312,4,4,2,Mahal
Di Jual Rumah Murah Di Tebet,1500,200,170,7,2,0,Murah
Rumah lama siap bangun di jalan 1 mobil Tebet Timur,2350,130,130,4,3,1,Murah
"Tebet Rumah Lama Jalan 2 Mobil, Acces Mudah Ke Stasiun Kereta Dan Kulineran",3400,100,139,6,4,2,Menengah
Rumah Minimalis Modern 2 Lantai Nan Mewah Dekat Mall Basurra City,3000,200,150,5,4,2,Murah
Dijual Rumah Di Tebet,5000,328,150,7,6,2,Menengah
Dijual rumah siap huni di Tebet,4000,250,154,6,3,2,Menengah
Dijual rumah siap huni di Tebet,2300,107,54,3,2,1,Murah
DIJUAL RUMAH DI TEBET,4500,230,180,4,4,1,Menengah
Dijual rumah di Tebet,4400,200,195,7,2,2,Menengah
Dijual rumah di Tebet Timur,4500,150,179,3,2,1,Menengah
Dijual Rumah Hitung Tanah Tebet Lokasi Strategis Nyaman Jalan 1 Mobil Lebar,2800,100,130,3,2,2,Murah
Dijual Rumah Komplek Gudang Peluru Tebet Lokasi Premium Nyaman Jalan 1 Mobil,3800,178,239,4,3,4,Menengah
Dijual rumah di TEBET - BANGUNAN TERAWAT DAN KOKOH DI JALAN 3 MOBIL,15000,450,475,5,5,5,Mahal
Rumah Tanjung Duren,3500,135,101,4,2,2,Menengah
RUmah Bagus Pinggir Jalan Lokasi Strategis Di Tebet Jakarta Selatan,5500,170,270,6,3,1,Mahal
Dijual cepat murah BU rumah lama strategis di tebet jakarta selatan,2900,100,139,3,2,2,Murah
Rumah Daerah Gudang Peluru Murah,10000,600,400,4,3,0,Mahal
Dijual cepat murah rumah lama strategis di tebet kuningan jakarta selatan,4340,100,124,3,2,2,Menengah
Rumah Besar di jual di Jalan Gatot Subroto Jakarta Selatan,25000,353,535,10,10,6,Mahal
Dijual Rumah Siap Huni 3 lantai di Tebet Jakarta Selatan,2900,150,60,4,4,1,Murah
Dijual Rumah Minimalis di tebet timur area strategis,3200,150,92,4,4,2,Murah
Rumah Strategis Tebet Timur Akses 1 Mobil & Stasiun Cawang,6500,272,311,5,5,0,Mahal
Rumah Murah Dan Strategis Dekat Mall Casablanca Di Tebet Dalam Jaksel,3500,210,172,5,2,2,Menengah
Rumah Mewah Modern di Tebet Barat Nego,25000,550,485,4,4,3,Mahal
Rumah daerah Tebet,7500,250,315,3,3,2,Mahal
Tebet Rumah Dekat Lapangan Bola Siap Huni,2950,135,133,4,3,1,Murah
"Rumah untuk Investasi di Kawasan Tebet, Jakarta Selatan",5500,225,326,7,2,0,Mahal
"5 Bedrooms House Tebet, Jakarta Selatan, DKI Jakarta",9000,350,305,5,5,3,Mahal
"4 Bedrooms House Tebet, Jakarta Selatan, DKI Jakarta",2500,120,135,4,2,1,Murah
Brand New Minimalis Tebet Dengan Lokasi Strategis Dijual Cepat,3100,172,90,4,3,2,Murah
Dijual cepat dan murah rumah lama strategis di Tebet Jakarta Selatan,3500,200,231,4,3,2,Menengah
"Dijual rumah di Tebet, Jakarta Selatan, bebas banjir, nyaman, dan aman",12000,480,312,4,2,1,Mahal
Dijual Rumah Tebet Timur Lokasi Premium Cocok Untuk Usaha Jalan Lebar,7000,330,187,7,4,2,Mahal
"Dijual Rumah, Siap Huni,Strategis, Di Tebet Jakarta Selatan",6500,148,150,4,3,3,Mahal
Rumah di tebet timur dalam,4500,200,148,4,3,1,Menengah
Rumah Tua Di Tebet Jalan Depan Dua Mobil,7000,180,253,3,2,2,Mahal
Tebet Rumah Tinggal,2300,140,77,4,3,1,Murah
Dijual rumah di Tebet,8750,250,200,5,4,2,Mahal
Jual Rumah Mewah Siap Huni Strategis di Tebet Jakarta Selatan,8800,400,230,5,5,3,Mahal
Dijual Rumah di Tebet Jakarta Selatan,3800,250,186,4,3,0,Menengah
Townhouse Bidakara,13000,600,208,4,5,4,Mahal
Dijual Rumah tua di tebet barat,1800,90,84,3,2,0,Murah
TEBET TIMUR (HOOK) - RUMAH BARU SIAP HUNI,13500,350,278,6,4,0,Mahal
Tebet Dijual Rumah cantik 2 lantai semi furnished dan lay out nya bagus,7100,280,241,5,4,3,Mahal
Tebet Dijual Rumah Siap Huni dan tanah kosong,8500,200,385,5,5,0,Mahal
"Rumah di depan taman di tebet utara, belakang pertokoan Elektronic city",3000,139,150,3,3,1,Murah
Dijual rumah Tebet 2 lantai. akses strategis,3600,150,135,5,3,3,Menengah
Rumah Mewah Tebet Utara Jakarta Selatan,22000,700,619,5,4,10,Mahal
Rumah Tebet Jakarta Selatan,750,100,78,3,1,0,Murah
"rumah area komersial, tebet raya, jakarta selatan",22000,350,448,6,7,4,Mahal
"Rumah Tebet Barat Jakarta, Siap Huni",3500,160,118,4,4,2,Menengah
Rumah Bagus siap huni akses 2 mobil daerah Tebet Jakarta Selatan,8500,245,240,3,5,2,Mahal
Dijual Rumah Mewah Lokasi Bagus di Tebet Jalan Lebar,25000,550,485,5,5,2,Mahal
"3 Bedrooms House Tebet, Jakarta Selatan, DKI Jakarta",1600,150,90,3,2,1,Murah
"Rumah 2 lantai di Jalan Sawo Kecik Raya, Bukit Duri, Tebet, Jakarta Selatan",5500,424,311,5,4,4,Mahal
Rumah Bagus Cakep Dikawasan Elit Tebet Jaksel,8000,260,306,5,4,2,Mahal
Dijual Rumah Tinggal Siap Huni Di Tebet lokasi strategis dan premium di Jakarta Selatan,12500,480,312,4,2,1,Mahal
"Rumah Terawat Siap Huni Di Tebet, Jaksel",7500,350,220,4,5,1,Mahal
"4 Bedrooms House Tebet, Jakarta Selatan, DKI Jakarta",3000,300,110,4,3,1,Murah
Tebet Rumah Lama Dijalan Lebar Dengan Lokasi Strategis Jual Cepat,15000,300,260,4,3,4,Mahal
RUMAH TOWN HOUSE CANTIK TEBET,3900,220,135,4,4,1,Menengah
Dijual Rumah Hitung Tanah Tebet Lokasi Strategis Nyaman Jalan 2 Mobil,6000,210,203,5,3,1,Mahal
Dijual rumah di Tebet,18000,200,450,5,3,2,Mahal
Rumah Di Tebet,3000,150,90,4,5,1,Murah
Brand New Minimalis Tebet Jalan Lebar Depan Taman Dijual Cepat,5000,180,107,6,5,2,Menengah
DIJUAL Cepat Rumah Cantik minimalis 2 lantai di Tebet,850,56,56,4,2,0,Murah
Dijual Rumah Cantik Kebon Baru Lokasi Strategis Nyaman Jalan 2 Mobil,2500,140,135,4,3,1,Murah
"Rumah Tinggal Di Area Komersil Jl Tebet Raya, Strategis Dan Murah",21000,350,520,5,4,2,Mahal
Town House Menteng Dalam,2900,150,120,2,2,0,Murah
NEW TOWNHOUSE WITH PRIVATE POOL AT BIDAKARA TEBET JAKARTA SELATAN,12500,600,208,4,5,4,Mahal
Rumah Siap Huni Tebet Jalan 2 Mobil Dijual Cepat,3000,160,140,4,3,1,Murah
Rumah Tebet Barat,30000,500,703,7,4,8,Mahal
Rumah bagus siap huni dengan lokasi strategis dekat dengan supomo dan casablanca di jalan 1 mobil,4750,200,150,5,5,2,Menengah
Rumah Termurah Akses Jalan 2 Mobil Luas Tanah 268 M Di Tebet Barat,6900,400,268,5,4,3,Mahal
For Sale Single House at Tebet & Condition Semi Furnished HSE-A0330,10000,300,368,4,4,3,Mahal
Rumah Bagus Dan Elite Di Kawasan Tebet Yang Pretigous,6700,250,125,3,3,3,Mahal
Tebet Dijual Rumah Tinggal asri . nyaman. Tenang,9000,350,300,4,4,0,Mahal
"4 Bedrooms House Tebet, Jakarta Selatan, DKI Jakarta",2800,200,110,4,3,2,Murah
"5 Bedrooms House Tebet, Jakarta Selatan, DKI Jakarta",3000,180,135,5,4,3,Murah
Rumah Minimalis bagus Tebet Utara,4100,220,110,4,3,2,Menengah
Dijual Rumah di Tebet Hunian Mewah dan Nyaman,30000,498,750,6,6,0,Mahal
Rumah Siap Huni Di Tebet Dalam Jakarta Selatan,3500,162,149,4,2,2,Menengah
"Dijual Rumah Mewah Full Furnish Di Tebet, Jakarta Selatan",35000,800,700,6,7,10,Mahal
RumahKomersil di Tebet Timur Raya,22000,776,776,4,3,4,Mahal
Rumah modern semi klasik di Tebet,30000,800,498,6,6,9,Mahal
"Rumah Dekat Jalan Utama Bukitduri, Hanya 2 Rumah Dari Jalan Besar",2000,128,148,4,3,2,Murah
JUAL CEPAT RUMAH MEWAH CLASSIC MODERN BEBAS BANJIR LOKASI PREMIUM TEBET,25000,550,485,5,4,4,Mahal
"Dijual murah, hitung tanah, tebet timur dalam",9500,380,386,7,4,4,Mahal
Dijual sangat murah rumah baru daerah tebet,4600,250,151,5,3,4,Menengah
Dijual cepat rumah Tebet timur jakarta selatan,6000,168,221,5,3,2,Mahal
"Brand New Minimalis 3 Lantai Tebet Dijual Cepat, Lokasi Strategis",2350,160,80,4,3,1,Murah
Dijual Rumah Tebet Barat Lokasi Strategis Nyaman Jalan 1 Mobil,2600,140,84,3,2,1,Murah
Rumah Siap Huni Di Lokasi Premium Tebet Barat Dalam,9000,300,287,4,3,1,Mahal
Rumah Cantik Minimalis Tebet,2600,150,90,3,2,1,Murah
"rumah tebet dalam, hoek, SHM",12000,470,270,5,4,1,Mahal
Rumah Baru Minimalis Tebet ,2700,90,78,3,2,0,Murah
Cluster Baru Minimalis Modern Jaya Mandala Tebet Jakarta Selatan,14500,600,208,4,4,2,Mahal
"Rumah di Kasablangka, Tebet, Menteng, Jakarta Selatan",3750,127,180,4,4,2,Menengah
Rumah Mewah Murah Dalam Komplek Di Tebet,6000,325,225,7,5,2,Mahal
Rumah Standard Hitung Tanah Di Tebet Dalam Jakarta Selatan,7500,150,253,5,2,0,Mahal
Rumah Standard Di Tebet Dalam Jakarta Selatan,5200,300,260,7,3,1,Mahal
Rumah Strategis Siap Huni Di Raya Tebet Jakarta Selatan,4900,250,266,3,2,1,Menengah
Rumah Tua Strategis Di Tebet Raya Jakarta Selatan,17500,750,724,4,2,3,Mahal
Rumah Mewah Hook Siap Huni Dan Terawat Di Gudang Peluru Tebet,10900,646,428,5,5,6,Mahal
Rumah Cantik Dan Luas Di Tebet Jakarta Selatan,9000,300,388,4,3,1,Mahal
Rumah Strategis Di Tebet Jakarta Selatan,6500,168,221,5,2,1,Mahal
Rumah di Tebet Jakarta Selatan,25000,600,1000,10,10,10,Mahal
"5 Bedrooms House Tebet, Jakarta Selatan, DKI Jakarta",6000,300,150,5,4,2,Mahal
Rumah Murah Tebet,3300,120,90,4,4,1,Menengah
"Rumah 2 Lantai di Tebet, Jakarta Selatan",1100,100,50,2,1,0,Murah
Rumah di Tebet,5000,410,205,3,3,1,Menengah
Tebet Rumah lama hitung tanah,2500,100,150,3,2,0,Murah
"Rumah Tebet Barat Dalam, Jakarta Selatan, Lokasi Strategis",3500,160,118,4,4,2,Menengah
"4 Bedrooms House Tebet, Jakarta Selatan, DKI Jakarta",3000,160,90,4,3,1,Murah
Rumah Baru Hook Modern Minimalis Strategis Siap Huni Di Tebet Timur,3300,180,110,4,4,2,Menengah
"Rumah Di Tebet Timur Dalam, Jakarta Selatan, Siap Huni, Semi Furnished",4400,250,130,4,3,2,Menengah
Rumah Asri Di Tebet Timur Tebet Jakarta Selatan,4250,200,150,5,3,4,Menengah
"Rumah Siap Huni Tebet Raya, Lingkungan Tenang nyaman, & Strategis",11000,275,305,5,3,1,Mahal
Dijual rumah di tebet timur 2 lantai,3000,120,90,4,4,1,Murah
Dijual rumah di tebet barat,2500,140,88,4,3,0,Murah
Rumah Siap Huni Jalanan 3 Mobil Di Tebet,8800,150,205,5,2,2,Mahal
TERJUAL Tebet Rumah Siap Huni Jalan Dua Mobil 300 Meter dari Mt Haryono,5500,300,248,5,4,3,Mahal
"3 Bedrooms House Tebet, Jakarta Selatan, DKI Jakarta",2200,160,100,3,2,1,Murah
"5 Bedrooms House Tebet, Jakarta Selatan, DKI Jakarta",6000,250,170,5,5,3,Mahal
"4 Bedrooms House Tebet, Jakarta Selatan, DKI Jakarta",7000,300,240,4,3,4,Mahal
"Rumah Bagus 2 Lantai, Bebas Banjir, Tenang Di Tebet, Jakarta Selatan",10500,500,345,6,4,2,Mahal
Dijual Rumah Luas di Tebet Jakarta Selatan,3500,335,140,5,4,0,Menengah
"Rumah Mewah 2 Lt Design Apik di Tebet Barat, Jakarta Selatan",6000,350,210,5,5,1,Mahal
Rumah Tebet Barat,3800,150,130,3,2,1,Menengah
"Rumah Murah Minimalis Di Tebet Timur, Tebet Jakarta Selatan",5500,250,140,5,3,1,Mahal
"Dijual rumah murah dan cepat aja di Kebon Baru, Tebet",2500,200,122,4,2,1,Murah
"Rumah second bangunan kokoh dan terawat dalam komplek Gudang Peluru , Tebet , Jakarta Selatan",7500,480,290,5,3,2,Mahal
Rumah Mewah di Menteng Dalam - Tebet,6800,375,130,4,5,4,Mahal
Rumah Mewah di Tebet,12500,480,312,4,3,2,Mahal
"Jl. Tebet Raya, Kec. Tebet, Kota Jakarta Selatan, Daerah Khusus Ibukota Jakarta 12810, Indonesia",9500,300,368,5,4,2,Mahal
Dijual rumah Tebet Jakarta Selatan,6000,150,200,5,4,2,Mahal
Dijual Segera Rumah Tebet Timur Jakarta Selatan,3500,240,130,5,6,2,Menengah
Dijual rumah di Tebet,9000,350,305,4,4,3,Mahal
Dijual rumah siap huni di Tebet,8000,350,178,8,6,2,Mahal
Dijual rumah di tebet timur raya,20000,440,660,9,5,5,Mahal
"Rumah Brand New Posisi Depan Tama Di Tebet Barat, 3 Lantai",9700,450,248,5,6,1,Mahal
Rumah Tebet Timur Dalam - RSH,3600,100,130,3,3,0,Menengah
"4 Bedrooms House Tebet, Jakarta Selatan, DKI Jakarta",4200,180,120,4,3,2,Menengah
Rumah tebet barat dalam,9000,350,240,6,4,3,Mahal
Rumah Minimalis di Tebet,950,130,92,4,2,0,Murah
"Dijual Rumah Di Tebet Barat, Tebet, Jakarta Selatan",16450,700,550,6,6,0,Mahal
"Dijual Rumah Di Tebet Lokasi Bagus, Tebet, Jakarta Selatan",7500,320,360,7,4,0,Mahal
"Rumah Di Tebet,Lt270/375m,2 Lantai,Dkt Gatot Subroto",8700,375,265,5,4,4,Mahal
Rumah Siap Huni Di Tebet Akses Mudah Dekat Ke Supomo Pancoran,3500,230,150,5,4,2,Menengah
Dekat Jalan Soepomo Dan Mall Kota Kasablanka. Fasilitas Terdekat Baik.,25000,400,932,7,5,9,Mahal
Rumah Second di Kebon Baru Tebet Jakarta Selatan,13000,800,370,6,5,4,Mahal
Town House di Tebet Jakarta Selatan,3750,120,150,2,2,2,Menengah
Good House Tebet,10000,450,750,8,6,1,Mahal
Rumah Bagus di Daerah Tebet,1600,80,80,4,3,1,Murah
Tebet Rumah Mewah Minimalis 2 Lantai,4500,320,146,5,5,3,Menengah
"Rumah Di Tebet Dalam Akses 2 Mobil Besar, Jakarta Selatan",13500,235,256,3,2,2,Mahal
"3 Bedrooms House Tebet, Jakarta Selatan, DKI Jakarta",2000,100,90,3,2,1,Murah
"Tebet Rumah Bagus Minimalis Modern, jakarta Selatan",9000,211,234,7,5,4,Mahal
Rumah mewah baru minimalia di Tebet utara,5800,280,170,5,4,2,Mahal
"4 Bedrooms House Tebet, Jakarta Selatan, DKI Jakarta",3200,160,135,4,3,1,Murah
"Rumah Kebon Baru, Tebet, Jakarta Selatan, Hoek, Lokasi Strategis",2400,154,147,3,2,1,Murah
Rumah Tebet Siap Huni Jalan 2 Mobil,6750,350,210,4,4,2,Mahal
"Tebet Rumah Classic, Jakarta Selatan",2400,75,101,2,1,2,Murah
Dijual Rumah Tebet Barat Lokasi Strategis Nyaman Jalan 1 Mobil,3100,150,95,3,3,2,Murah
Rumah siap huni di Tebet,11000,399,384,4,4,0,Mahal
"Dijual Rumah Bangunan 2 Lantai di Tebet, Jakarta Selatan",28000,500,703,8,4,6,Mahal
Rumah seken di Asem baris dekat St. cawang,650,50,55,2,1,0,Murah
Komplek telkom kebon baru,5750,350,240,7,5,0,Mahal
Dijual Rumah Di Tebet Jakarta Selatan 3 Kmr 150m2 Nyaman Harga Best,2800,150,90,3,3,1,Murah
Rumah Baru Tebet,3200,170,90,4,4,0,Murah
Rumah mewah tebet,23000,750,610,8,6,0,Mahal
Rumah TEBET,1600,80,80,4,3,0,Murah
Rumah Lama Tebet Timur Dalam,2400,100,130,4,2,1,Murah
Rumah Mewah 3 Lantai di Tebet Jakarta Selatan,6000,450,260,7,4,0,Mahal
"Rumah Minimalis Clasik Tebet Barat, Jakarta Selatan",4500,251,106,4,3,2,Menengah
"Dijual Rumah di Kebon Baru, Tebet, dekat stasiun Ka cawang",3000,200,200,4,3,0,Murah
"Rumah, Bukit Duri Tebet Jakarta, Jalan 2mobil, 162m, Dekat Kokas, BU",2100,162,162,3,3,2,Murah
"Tebet Rumah siap huni, jalan lebar, lokasi ok",5800,180,141,4,3,2,Mahal
"Tebet Rumah hitung tanah, jalan lebar",9300,385,386,6,4,4,Mahal
Rumah Tebet Dijual Cepat Dengan Lokasi Strategis,2000,130,100,3,2,1,Murah
"5 Bedrooms House Tebet, Jakarta Selatan, DKI Jakarta",35000,400,600,5,3,4,Mahal
"4 Bedrooms House Tebet, Jakarta Selatan, DKI Jakarta",4000,200,140,4,3,2,Menengah
"8 Bedrooms House Tebet, Jakarta Selatan, DKI Jakarta",6500,250,180,8,4,1,Mahal
"3 Bedrooms House Tebet, Jakarta Selatan, DKI Jakarta",2850,160,135,3,2,2,Murah
Dijual Rumah Minimalis 3 Lantai ada Kolam Renang di Tebet,6800,300,200,5,5,4,Mahal
Rumah Brand New Di Tebet Dekat Ke Jalan 3 Mobil Lt 112meter,3500,150,112,3,4,1,Menengah
Rumah Siap Huni @ Tebet,3500,160,110,4,4,2,Menengah
Rumah Mewah Bukit Duri,10500,800,457,7,5,2,Mahal
Rumah Mewah Harga Murah Siap Huni Akses Strategis Di Tebet Pancoran,12500,480,312,6,4,4,Mahal
Rumah Asem Baris Tebet,5500,265,250,4,3,2,Mahal
"Dijual rumah di komplek gudang peluru Tebet, Jakarta Selatan",5700,250,162,4,4,2,Mahal
"Dijual Rumah di Tebet Barat, Jakarta Selatan ~ Lokasi Bagus Jalan Dua Mobil",26000,550,485,4,3,2,Mahal
Rumah 2 lantai di Tebet Dalam,3000,90,160,5,4,1,Murah
"Rumah Tebet Lokasi Strategis, Luas Pusat Bisnis. Dekat Kuningan",9500,385,380,5,4,2,Mahal
Rumah Minimalis Di Tebet,3750,160,110,3,3,2,Menengah
Dijual cepat dan murah rumah startegis di Tebet Jakarta Selatan,3600,150,340,6,4,0,Menengah
Rumah Di Tebet Nyaman Aman Strategis Jalanan Besar 2 Mobil Bebas Banjir,6500,170,89,3,3,1,Mahal
Rumah Mewah 2 Lantai Di Asem Baris,7500,300,325,5,4,2,Mahal
Rumah Mungil Di Tebet Siap Huni,2500,120,60,3,4,1,Murah
Rumah mininalis tebet,3900,200,130,5,4,1,Menengah
Rumah Lux Tebet,16000,450,310,5,5,1,Mahal
Rumah tebet,18000,300,538,5,5,0,Mahal
Rumah tebet raya,18500,330,360,7,7,0,Mahal
Rumah Baru Di Tebet Timur Lokasi Strategis,3999,200,130,4,3,2,Menengah
Rumah Cantik Di Tebet Dekat Supomo Pancoran Kuningan Gatot Subroto,5800,170,141,4,3,1,Mahal
"TEBET - Kondisi Bagus, Dekat Jalan 2 Mobil",3900,170,100,5,3,2,Menengah
"TEBET - Siap Huni, Terawat, Tengah Kota, Strategis",3100,180,103,3,3,2,Murah
TEBET - Bagus Untuk Investasi dan Harga Sangat Menarik,3000,150,139,3,3,1,Murah
"TEBET - Jalan 2 Mobil Lebar, Strategis",14000,440,393,6,6,6,Mahal
TEBET - Siap Huni Lokasi Bagus,13500,352,394,6,4,2,Mahal
"TEBET - Rumah Bagus, Siap Huni",4000,200,135,4,3,2,Menengah
TEBET - Rumah Baru,3500,120,90,3,2,2,Menengah
"TEBET - Siap Huni, Kondisi Sangat Terawat",4300,300,180,5,4,2,Menengah
"TEBET - Area Tenang, Aman dan Nyaman",3900,180,154,4,3,2,Menengah
Tebet - Dijual Rumah Mewah Klasik,19000,800,361,5,5,5,Mahal
"Tebet rumah minimalis modern, jakarta selatan",2750,210,91,5,4,1,Murah
"Dijual Rumah sangat strategis di Tebet Barat, dekat sekolah, stasiun, Tebet Mas",2900,175,134,5,2,1,Murah
Rumah Tingkat 2 Lantai Di Komplek Gudang Peluru Tebet Jakarta Selatan,9500,500,345,8,5,4,Mahal
Dijual Rumah Cantik Di Tebet Akses Jalan Lebar,23000,700,987,4,4,4,Mahal
"Di Jual Rumah Mewah Sangat Strategis Di Tebet Akses Jalan 2mobil Lebar, Rumah Menghadap Selatan",21000,700,547,4,4,7,Mahal
Di jual rumah 2nd di tebet barat,2600,150,90,3,2,0,Murah
Di jual rumah di jl persada raya,4000,200,220,7,3,1,Menengah
Rumah strategis tebet barat,22900,700,650,3,3,2,Mahal
"Rumah Baru Semi Furnished Depan TAMAN dekat Gelael, Tebet Barat, Jakarta Selatan",4000,180,105,5,4,1,Menengah
"Rumah Tebet Barat Dalam - Jakarta Selatan, Tebet, Jakarta Selatan",3200,137,86,4,2,1,Murah
"4 Bedrooms House Tebet, Jakarta Selatan, DKI Jakarta",2600,160,93,4,4,1,Murah
Di Jual Rumah Cantik di Tebet Jalan 1 Mobil Jakarta Selatan,6300,250,180,4,3,1,Mahal
Rumah Brand New Minimalis Modern Bebas Banjir di Tebet,3400,160,110,3,3,1,Menengah
"4 Bedrooms House Tebet, Jakarta Selatan, DKI Jakarta",3250,200,90,4,3,1,Murah
Dijual Rumah Cantik Minimalis Di Tebet Dekat Taman,3000,150,95,4,4,1,Murah
Rumah Murah Siap Huni Akses 2 Mobil Tebet Timur Jak Sel,4100,180,155,4,3,1,Menengah
Rumah Strategis Cocok Untuk Usaha Posisi Huk Di Tebet Timur,6500,130,160,4,1,2,Mahal
Rumah Murah Akses Mobil Di Tebet Barat Jak Sel,1800,90,100,2,1,0,Murah
Rumah Strategis Siap Huni Akses 1mobil Di Tebet Barat,3500,150,135,4,3,1,Menengah
Rumah Siap Huni Hanya 50meter Ke Jalan Asembaris Raya,2100,100,126,2,2,1,Murah
Rumah 2lantai Strategis Akses 2mobil Lokasi Asembaris Tebet,3000,200,125,2,2,1,Murah
Rumah Asri Siap Huni Strategis Lokasi Asembaris Bebas Banjir,2150,128,135,3,2,1,Murah
"Rumah Baru 2,5 Lantai Akses 1mobil Lokasi Tebet Timur",3000,200,90,3,2,2,Murah
Rumah Bagus Siap Huni Tebet Barat Jak Sel,3250,120,104,4,3,1,Murah
Rumah Sederhana Di Tebet Timur Jak Sel,1750,85,90,2,1,1,Murah
Rumah Murah Sekali Siap Huni Akses Gg 2 Motor Di Lap Roos Tebet,1500,200,170,7,2,0,Murah
Rumah Siap Huni Ada Kosan 4pintu Lokasi Tebet Barat Jak Sel,3800,200,145,8,8,1,Menengah
Rumah Strategis Siap Huni Akses 1mobil Dekat Pasar Tebet Jak Sel,2500,120,100,3,2,1,Murah
Rumah Lama Layak Huni Akses 2 Mbl Bs Utk Kosan Di Menteng Dlm Jak Sel,4200,250,206,5,4,1,Menengah
Rumah Siap Huni Akses 2mobil Strategis Di Asembaris Tebet,1100,70,70,2,1,0,Murah
Rumah Siap Huni 2lantai Akses 1mobil Di Asembaris Tebet,950,100,60,3,1,0,Murah
Rumah Baru Siap Huni Akses 2mobil Semi Furnised Lokasi Tebet Utara,4500,128,90,3,3,1,Menengah
Rumah Siap Huni Posisi Huk Akses 2mobil 200meter Kejalan Supomo,7000,150,110,4,3,1,Mahal
Rumah 2lantai Akses 2mobil Di Bukit Duri Tebet Jaksel,600,60,30,2,2,0,Murah
Rumah Strategis 100meter Ke Jl Supomo Di Menteng Dalam Tebet Jak Sel,2600,100,140,3,2,1,Murah
Rumah Strategis Akses Jalan 2mobil Di Menteng Dalam Tebet Jak Sel,9000,450,550,10,10,3,Mahal
Tebet Rumah Siap Huni Jln 2 Mbl Nyaman,4000,160,140,4,3,2,Menengah
"Di Kebun Baru Rumah Terawat, Area Strategis",4000,139,230,4,4,1,Menengah
Dijual Cepat Rumah Komp Depkeu Dr Soepomo Tebet Jakarta Selatan,19000,360,606,7,4,0,Mahal
Dijual Rumah Kokoh Di Gudang Peluru,10500,420,430,7,4,2,Mahal
